seg_id,time_to_failure
seg_51f0a2,5.157514104286557
seg_de98fa,5.483432433747166
seg_ad82ca,5.968564658692596
seg_e3ca24,6.612753550968802
seg_64f8dc,6.012686878969508
seg_e6c973,5.745461189166186
seg_88b289,7.565200218017249
seg_8c1e7d,4.287699382131141
seg_b7a8a1,5.772254938672993
seg_18096a,6.287278271068457
seg_7f5b6f,8.217224664105295
seg_d753f8,4.98839334096222
seg_55239a,4.7397117412709955
seg_7a9f2b,3.353894623680336
seg_2d402d,4.419040771796916
seg_ce5520,5.004147716120148
seg_7540f3,5.862523548667649
seg_d1cb37,8.676886606840188
seg_2ea616,4.921795213967468
seg_4a91a9,5.648371211622757
seg_80211c,7.488832438945015
seg_5d45db,6.28991355056916
seg_a63573,5.580859103404431
seg_09ed4e,8.17178105387082
seg_04a696,6.485890493362157
seg_9aa6e2,5.021609103899084
seg_dbc615,5.160488276594957
seg_ba2c48,4.8371402155221395
seg_1e0b82,7.838829659891065
seg_a9b957,5.740099660078098
seg_87e4e8,5.071740490953889
seg_d14524,5.372966886433676
seg_ea096b,8.925144388354122
seg_4f76a2,5.4699027110471246
seg_2cdbe3,4.996402431778028
seg_696621,5.4419871571262775
seg_e6e1df,4.99762104789225
seg_0339ca,5.5968682748798715
seg_f229bf,5.9586395638453045
seg_355d19,7.591824383007452
seg_766e42,5.998132570934389
seg_5b7325,4.918350218663603
seg_24157a,5.737891187262467
seg_326eb7,6.007722708664639
seg_b402ac,6.111789102555712
seg_e0c329,5.6347800732269455
seg_996c37,9.354434109708608
seg_9757ac,8.37318605133793
seg_54b0ee,5.757362160314784
seg_2f86cd,3.438792578671972
seg_30661b,6.080202988603423
seg_fbff25,5.023714102131278
seg_1bf7b3,5.0949365362546715
seg_07f8df,5.369254100155832
seg_e1f081,7.6911588274597555
seg_529c99,5.473257991377763
seg_b00f05,6.513166512834319
seg_6e98aa,6.259695904906162
seg_b51380,7.6984560533038895
seg_d62e9c,5.008161325092861
seg_b35174,3.822223550029028
seg_98c544,5.080324935273376
seg_60b696,6.261443824004694
seg_f342a3,5.288337106995244
seg_f88d4a,4.8795027177608254
seg_9dea8d,6.208341605784859
seg_9940e8,8.519250636052137
seg_95b321,5.282305495580375
seg_d2ad9a,4.540126052294084
seg_36147d,5.164369100355592
seg_2db7dc,5.42686993820317
seg_d56d32,6.913304381904743
seg_2dcd84,6.597454660616041
seg_0042cc,6.1276095214960185
seg_967ae4,6.67658743886708
seg_876904,7.190654936015237
seg_b8fd73,8.91910022424576
seg_d36342,6.575999661331242
seg_e3d751,2.983791978549454
seg_b687fc,5.3503416005925
seg_dab0f9,5.831856605032156
seg_3761d0,5.395245767058786
seg_d40bb2,9.338683552368286
seg_81c432,5.117064657703377
seg_750c93,4.58589549345082
seg_b57e76,6.1525135439646945
seg_e0cfd4,5.25087160918945
seg_902074,6.387229660545274
seg_70e891,5.23827660325844
seg_48feba,5.454448268812823
seg_74b264,5.378346322187332
seg_2099f4,6.796041879361732
seg_84fc12,7.729469385697671
seg_ab2a78,5.268989494099708
seg_76f3f2,7.163353275983681
seg_d6dad6,6.097246884476677
seg_eacccf,6.091847155125842
seg_24e071,5.223587159817443
seg_899bf0,5.264399938252149
seg_75dc3e,5.252311882351563
seg_7ce9cb,5.33358022103205
seg_da7c3b,6.224021887049367
seg_00648a,4.708208552117111
seg_0c9aa8,7.806269944783525
seg_7d2e57,6.082366884258471
seg_65f01e,7.525832443225561
seg_bf1294,4.850521046317833
seg_b91ae2,6.046621322919527
seg_2bf9dd,6.762965774884784
seg_83ef67,9.182272718561476
seg_2c69e4,7.435290218615143
seg_259dd3,7.091088830797707
seg_77ea14,6.0629496558799305
seg_7862ed,5.275388826621492
seg_e1a9e0,7.315269664598956
seg_fa0ac7,6.698529797350653
seg_d16534,6.208651743865045
seg_2f1664,7.161761879249962
seg_6a05e7,5.49346493266875
seg_cea185,5.271931214815776
seg_bd6f5f,7.99886021802518
seg_53caf1,6.732705214253155
seg_3b2013,4.821417806674751
seg_aae025,6.9130638280791725
seg_7d88e3,7.964246050571948
seg_00cc91,5.502560765131555
seg_efbf3e,5.722922723163665
seg_8be2da,6.349655216388459
seg_f618a8,6.2705679958835505
seg_cd699e,4.599067160427445
seg_b78883,9.036254667868539
seg_f639ec,5.711915403154106
seg_1010ad,6.358023274411434
seg_a93a88,6.9009141045870965
seg_a0646a,4.928594654678704
seg_69dbad,5.839081887535331
seg_f0181d,5.661018265773609
seg_004f1f,5.244496324043403
seg_c186dc,5.61976882464286
seg_e197b8,6.987417155297354
seg_edda79,6.010347161672485
seg_c5c6ea,6.15970799321662
seg_f0db55,4.711502710455652
seg_703cea,7.657816328480624
seg_086a61,6.976271330161648
seg_17067e,5.579094801624193
seg_447b8b,6.846197165164941
seg_c35940,5.045311995896833
seg_517345,5.5778696595969395
seg_566efe,9.211316055065902
seg_5cfdc4,5.224596332615813
seg_9b0439,5.969878934892313
seg_735cdd,4.7361327162114515
seg_52636c,4.575632348386372
seg_bf1a72,6.704759096343419
seg_37608b,5.561172717019045
seg_4eeaef,5.011550214755809
seg_84b9d9,5.285973545517539
seg_e6bd3f,6.053136042526787
seg_d3f967,5.708848542768389
seg_652cc2,5.417863548825295
seg_f11f77,5.456717157537013
seg_d3d8fc,4.855106879805958
seg_655cae,5.2610374403005835
seg_8baeab,5.446315209524863
seg_5ad847,5.583215215724084
seg_e40348,7.255070212215301
seg_263deb,5.309315487697944
seg_5407b0,5.348277064775244
seg_eebbc2,5.1374377181724995
seg_140bc5,4.600641604685071
seg_48a4b3,7.1327427152533005
seg_ba1d68,4.922022717289019
seg_f6f683,6.181505490034905
seg_4d0008,5.716597711111913
seg_ea05c1,7.670772440295981
seg_a82229,7.567647439843922
seg_2313d1,5.827822435190347
seg_4ea3fa,5.679282158786557
seg_27f532,8.065106884238649
seg_7b5f90,6.210270219102786
seg_4ad674,6.017671322314638
seg_a2986f,6.708777996368409
seg_6f17de,6.365889097148405
seg_53498a,5.434394938327654
seg_bdae02,9.208893274690075
seg_c550b1,8.669430217463274
seg_8fb828,7.844908828347853
seg_c571ef,5.939893269237177
seg_c5f986,5.362794934250848
seg_343571,7.826373551452265
seg_d29a4b,4.929862162425213
seg_d85e2e,6.722246646350027
seg_9c6715,5.056844099892821
seg_94d150,6.553263450850176
seg_091c9d,7.833803828976967
seg_287e60,5.109375492158139
seg_0b32f7,4.942957438439304
seg_fbd66b,5.222250774220488
seg_45a8a9,4.948877438887444
seg_4fd191,5.18053243598364
seg_957ece,4.114426971353418
seg_804fb5,6.421653548840251
seg_692e7a,7.33424382914151
seg_3ce740,8.4818482719692
seg_946d71,8.918524665530178
seg_27ff17,5.638128548134136
seg_e25aca,5.358023827877663
seg_d60d18,5.830253271415294
seg_fc8fd6,4.61645604786352
seg_6e12ee,4.609315310146801
seg_635770,7.83499632716706
seg_2367fb,6.823902995371608
seg_a31d6e,6.739513827951272
seg_92af10,7.214496050407167
seg_77bf79,5.040352214263786
seg_ec0e7b,6.370903825898059
seg_232559,7.181891886209081
seg_e1daa0,6.260471327483913
seg_947700,5.761225767203003
seg_b691c5,4.22194827072163
seg_7630c5,9.526498831265297
seg_c106ca,5.417115633179957
seg_45e7ad,4.9790204921373755
seg_a5dea6,7.795756607326876
seg_750d20,5.511797993893072
seg_355717,4.52348022726925
seg_f383fb,5.41148521454852
seg_c73df6,5.09373799397738
seg_5965d8,4.695085214649002
seg_05f9d6,7.056402017756817
seg_25c8dc,6.989670864298106
seg_ab70bd,6.512081325770977
seg_1a8f0d,4.970328270746532
seg_8dfd7a,4.456101055682884
seg_1827c5,9.856138833265135
seg_d098df,8.027484383112048
seg_f6cfd4,6.6118416048975535
seg_e85f55,4.675138545515509
seg_53103b,4.934102997590687
seg_64be91,8.142837721019497
seg_b89e47,4.884773547068279
seg_b108c9,6.137945674468583
seg_5cfba9,6.821244387041984
seg_9122aa,5.411873553170334
seg_c10a58,7.499427993084467
seg_53a557,5.447406879348471
seg_18d1d0,5.157226879200861
seg_c5fc3b,7.187702438065248
seg_0dfe8c,5.071219105096066
seg_88a81d,5.366838547409165
seg_8599ec,5.0740396591415236
seg_a8685e,6.3279171620182915
seg_37669c,4.821232167356249
seg_ac5c61,8.461982164810328
seg_d26f7d,8.961346331382074
seg_304b87,5.207528414127248
seg_a6cd86,5.954178821143511
seg_753190,8.160974659454276
seg_64be5d,9.636014386582179
seg_35ee83,6.364181317020634
seg_650de2,5.430059935606164
seg_ab4bca,4.685416326299493
seg_03d63e,5.645294656713991
seg_80fb86,6.148845488113926
seg_ac45ae,6.6142816043113
seg_1eae76,5.80703715732848
seg_8866f0,4.478978715664073
seg_fc407c,4.990283827370202
seg_9d1dbe,8.070142996509384
seg_7480f4,6.63746883465345
seg_b64c9c,6.766550772046418
seg_ee7224,5.040176331566222
seg_8f4654,5.509880352717468
seg_fbe3c2,6.343512990910623
seg_3e87b4,4.50372438040081
seg_a247ac,8.311332720487734
seg_78d817,5.843316880341327
seg_57ea44,5.158954314306376
seg_0a42ba,7.692945495668038
seg_1b08a4,5.920856326631003
seg_2465ce,5.904158827978655
seg_90e904,4.63906243936952
seg_f6f523,5.17980827071915
seg_ba0485,7.750805218387885
seg_c2b8f7,4.807579382330402
seg_00184e,5.2036407739061366
seg_8f5589,5.973533549522212
seg_0144cb,5.896355212559634
seg_492dc6,5.598200210457538
seg_9dcae1,6.542648544295398
seg_e29670,5.6595518809949255
seg_75211e,6.3397913253420635
seg_d11ca8,7.430284105412347
seg_07c815,6.029759375708437
seg_138807,6.040647989137128
seg_99f76c,5.766531599409303
seg_3f3689,4.924608826086903
seg_14c054,7.695736053345153
seg_1f5240,4.802607713325083
seg_b72413,7.063532994311962
seg_abb06a,5.3068654968583475
seg_d35e50,6.093120204844482
seg_d7a805,6.253898828661079
seg_c20c06,4.820979265904328
seg_b91011,5.485770494110283
seg_922990,5.07891410464741
seg_5924f5,5.010067436073595
seg_a03e6a,5.174875492123018
seg_bb171f,6.270552439580026
seg_d19980,6.712237440587577
seg_e2209b,5.4248163263345175
seg_dd780d,6.482694930345259
seg_e2c82c,5.578007716411286
seg_86720f,6.194685494480911
seg_389906,7.1045949382618145
seg_41be18,6.725084663172748
seg_f77ee5,7.955094941162757
seg_83bef8,6.297626043760973
seg_aee9bf,5.48134854762667
seg_35269b,7.806739663822502
seg_6fc3ef,6.44327938873057
seg_5e541f,4.12198493662825
seg_003339,7.182006332394533
seg_7f93b2,5.150311055554504
seg_93f935,5.7241658604677035
seg_77f9e3,4.825945866135257
seg_3a22ac,5.508161049907055
seg_3e00cd,8.393799318885938
seg_827c07,6.377034561642148
seg_cee7d0,8.367249664149352
seg_53e645,6.112546048932228
seg_398a25,5.931796874986898
seg_0b54ac,4.754209656991878
seg_931244,7.807072995457237
seg_b23489,5.186604660481743
seg_709d08,5.5794971577295
seg_016913,5.3962165974785306
seg_2916e3,7.105732162458678
seg_32fc4e,8.597996887519395
seg_8e5704,7.010826879179955
seg_b8b72f,5.3044996569003935
seg_bca500,5.930713823906882
seg_c047b7,5.784537718400519
seg_ca6d70,4.716889848614018
seg_247262,5.705451606108416
seg_32ad0f,8.258163551083685
seg_46dd7c,6.0314852079965
seg_421da1,7.300682330105699
seg_c6c29f,4.930477625042171
seg_d3bb14,6.967852705567806
seg_3ba485,8.28017716608479
seg_f679c6,7.319928272150175
seg_79e301,5.622796046852445
seg_5765b6,7.1050524354695055
seg_b44c2e,7.062033549723925
seg_c179f8,7.464714099565372
seg_d508db,5.8555823274188326
seg_5c8ae5,5.516733270888376
seg_cf646e,6.2911860449529255
seg_15adff,5.28702604379787
seg_0c3943,4.947176882120288
seg_5cd98b,5.4998760429810645
seg_f02d32,5.548346884062111
seg_87a67a,5.134242305130274
seg_b3cf21,5.57885716083064
seg_4ca6de,5.96724327106573
seg_4e3bd7,5.1335229918740835
seg_4d8f0f,5.603337438035166
seg_ca2d1b,5.225549106293659
seg_b52710,4.989340214444557
seg_7211f1,6.303634478638888
seg_857304,5.815351876072356
seg_24458d,5.529293134341564
seg_7020c5,6.383799826404902
seg_758374,4.042855490985805
seg_cc7a19,6.240424839769331
seg_4f5931,7.756905219021896
seg_477c83,5.577247441683515
seg_2f4f14,5.298160912193848
seg_a543e5,7.002700495851887
seg_546864,8.902637999751924
seg_d1a8b3,4.917673640654392
seg_0a1bd0,5.4974774417660015
seg_c9481f,7.047572154289476
seg_fd9ac1,6.110944378488377
seg_81f798,5.792165769215277
seg_40b3aa,4.004536052617236
seg_89791c,5.122162159113166
seg_a88dde,6.568553548227306
seg_8d5113,6.410100211235953
seg_4c067a,5.2989277124275125
seg_8ce632,6.224099378365056
seg_c09a41,5.311619384568263
seg_05e0d7,5.669687435204177
seg_7ddc30,7.7551282755626385
seg_1cd352,6.04298910440747
seg_9d79d4,5.950705491405626
seg_c6f0a2,4.849331511975299
seg_762188,9.967730220266288
seg_e9aa44,7.61651994116118
seg_8f25b0,9.037016884765412
seg_d7f015,5.5871399367375
seg_6b3a9d,4.87541493890122
seg_f67ce2,5.146354379129829
seg_ed7741,7.0978177173540455
seg_369570,5.559028271031015
seg_1d596d,5.957144098837305
seg_20cbac,6.0957060444917595
seg_1ac9e2,5.844184097420549
seg_3d06cc,5.405279274485797
seg_75cd6a,5.732930395288201
seg_e877a5,6.850828543362535
seg_c60dca,5.363267438995274
seg_e52f8c,5.6607293819475935
seg_f4ad4b,5.722612160514817
seg_d2db6b,5.447844661222528
seg_103b32,4.991170216092401
seg_a58a6e,4.592219660751054
seg_146926,8.037623556733633
seg_e6e24e,7.105922156879053
seg_fe2aac,5.4793106284371556
seg_ce7537,5.186406606304806
seg_da80c4,7.725487438831842
seg_a1e5b0,6.950123273747002
seg_705463,5.023701328294992
seg_790108,6.15178882542512
seg_d4ea17,6.294508272913831
seg_025e78,6.455676043610213
seg_e3005e,5.005327436182956
seg_c5dee4,3.686000559567681
seg_95357d,5.101197437237886
seg_1815fe,7.524340216801944
seg_c9f80a,5.197320495293798
seg_3db0a8,4.553258829809492
seg_b36650,4.675149941911184
seg_a8e6df,5.53925243724732
seg_f1f5b9,4.924936604773306
seg_67aa76,5.7298557669202195
seg_629822,5.667918822794195
seg_49d84b,5.601617715990733
seg_a802fa,7.5636049379045165
seg_6fb17f,5.140586790706881
seg_0f565c,5.597066605178293
seg_c44bbc,4.862814937736307
seg_ecf81b,7.124926884389158
seg_2dccec,5.749304656866721
seg_5639b3,6.761474377898356
seg_ddbadc,8.615124384569786
seg_d1a2b9,5.252776488954224
seg_83f89e,6.788982165981587
seg_9d3013,6.3920141087365865
seg_2e9a47,6.131486465516076
seg_d3992e,7.73986605511263
seg_8bde47,7.821069384705156
seg_316f86,5.409959659249208
seg_739fb0,4.962080771073388
seg_cc096e,7.603493555418337
seg_77dbe7,5.52485021392825
seg_e54932,6.343135827621269
seg_3661de,8.26543364674837
seg_70a60e,5.559174937377684
seg_f5d2dd,8.397036886575428
seg_3234ca,5.671776183199601
seg_7cd6b1,5.8022118820516315
seg_9f042e,5.712272438667743
seg_ced992,4.749594938357065
seg_fa9f00,6.070266049080314
seg_f48db9,5.6674251057532725
seg_1ae362,7.7575974378432715
seg_b8141c,4.7971810509125
seg_8da61a,5.950915773547872
seg_24c1c9,5.158914657873563
seg_e1f045,5.791559660952542
seg_e49750,5.648434938835887
seg_72c307,6.065775217820455
seg_325790,5.520282711575055
seg_f80e44,5.558879938496556
seg_74dda9,6.4171718818825
seg_9e3837,6.050895210945499
seg_5254ce,8.112061051738866
seg_d35274,5.9584275279622165
seg_e8385f,8.781523554756847
seg_b88baa,6.377150216415962
seg_c15d21,7.091897994605823
seg_9485c0,5.500926599687985
seg_5bdb47,5.1911316044843625
seg_03f380,6.302954653593236
seg_0b3b94,5.842511604206212
seg_1144bc,8.334968552790984
seg_63582a,9.160898834493965
seg_bd31bf,5.483861881893064
seg_b9361a,5.338297433072438
seg_517425,5.2972560480003335
seg_63130f,9.687471054242119
seg_d6ea73,5.116507438654916
seg_d962cc,9.095730551523014
seg_812a50,6.386104653994653
seg_9ee0aa,6.872344571414367
seg_8a8375,6.868216326704713
seg_77e7bf,5.327811321966553
seg_c01d9a,8.693004386069248
seg_13c2f0,5.24084327204059
seg_941759,6.597810492737945
seg_9ca72e,5.128094657677334
seg_b5aee9,6.957235485842384
seg_c5abaa,5.597193829560791
seg_07cd72,5.57777966062179
seg_12ac20,9.016871608938313
seg_d2551a,7.709600498315067
seg_db4185,5.308788549480468
seg_9bab11,8.080802164582074
seg_464839,5.945232715590734
seg_bf7224,4.955030490680063
seg_c0ea9f,6.0341734111882515
seg_1d11e5,5.587531600228046
seg_a7d0eb,4.904070492640723
seg_d014a3,7.927042164849267
seg_a7b454,5.0677557724861835
seg_e7ac12,5.980731878729841
seg_007a37,5.39332660164944
seg_148698,6.854053064574453
seg_4a719c,5.588281327517138
seg_0879a8,8.381403828356556
seg_2ed79b,5.4645807689100705
seg_6dd0fc,5.649136880268133
seg_807901,5.2137404898245
seg_e3dafa,8.803262443940449
seg_264c7d,7.714642995484427
seg_5e668a,7.868874384782509
seg_d8014d,5.856740772578513
seg_b695b3,5.553422991089001
seg_c2a0c8,5.076099215537995
seg_6ac82a,5.394053548862195
seg_f70b66,6.213786601829036
seg_ab9654,10.17083771995486
seg_db3fbe,8.652262721225183
seg_f11620,5.700842642184622
seg_e90c0d,5.405199010527601
seg_383b6b,5.845444930337952
seg_c654e7,6.27561716009222
seg_acf2f4,7.251546606612621
seg_204dc6,4.7919132736015975
seg_a420d4,4.984470771260445
seg_bd7109,5.93250623130934
seg_a35e7c,9.470963555775176
seg_1cf1b5,5.328556692239292
seg_e5f9ec,6.57298132692021
seg_961ddf,5.654680072475193
seg_673c60,5.056883991473989
seg_5eb380,5.230990495095029
seg_753ba6,5.0412102658880364
seg_cd2b34,5.393816881736129
seg_f9eea3,5.334740773824915
seg_6696d0,6.011595768717613
seg_a0979e,6.738022162026547
seg_9a9041,5.621854717630929
seg_4b953a,5.462081600745211
seg_32c904,7.377981329774894
seg_ef660a,6.9433971625364315
seg_08f441,6.756461735280458
seg_c5dada,5.54337389572115
seg_b51b7c,5.246375494364904
seg_f6bae8,5.450861606409306
seg_f21bf4,5.32606910358329
seg_d71352,8.109214386064266
seg_1ece48,5.948446041769917
seg_4c8db6,6.779430125812336
seg_6b536d,5.3431321618053875
seg_c365de,4.356536049047945
seg_827804,6.002330322468194
seg_3340b9,5.7279396592657355
seg_ae32a6,5.957569104226051
seg_30fd84,7.885618275625979
seg_2abd33,5.156683134461671
seg_81bebd,7.192601885808803
seg_0d762e,5.6480493836468115
seg_a53e4c,6.41420715567553
seg_ae42b3,9.956052722901934
seg_919a6a,4.381594286477843
seg_6a116b,5.515051049466709
seg_63d651,5.431630489409644
seg_8785e2,5.601249381861148
seg_f22163,8.420017651068902
seg_8fb0d0,5.751716050672475
seg_bb2d77,5.5808725712941225
seg_c8459f,7.720832164195069
seg_2dc6ff,4.4648171622835005
seg_4280d9,7.681126329582257
seg_983778,7.809297720738745
seg_bc2186,6.070854103602256
seg_57b6c0,5.944164657704914
seg_58e74b,4.6039816060564025
seg_2d7cc4,5.540860767528119
seg_eb47a9,5.175672154127832
seg_266c6e,5.407765214555898
seg_07f37c,5.324088826976629
seg_1bd38e,6.518496327017955
seg_734a88,8.144153274382298
seg_aec276,8.864631332286244
seg_b9ec4b,4.863592437302334
seg_301c1e,6.005837995897278
seg_634f05,5.022121050714862
seg_8d4965,5.963451881855833
seg_e1468f,9.427320497859425
seg_14f5f0,7.089185217507298
seg_c46ce6,4.975376049238344
seg_0ba210,7.865698000656142
seg_65c4e1,6.507164382636798
seg_b284b2,5.880847712808167
seg_75c34b,4.752051883758612
seg_d356ab,5.030703824309241
seg_f6828d,4.63209821805463
seg_9a7d1d,4.853728270574513
seg_727fc7,4.919196880738611
seg_295b1c,7.52675855261274
seg_8f6284,5.404288730464035
seg_abeca6,8.069511884880864
seg_2c762c,5.739591881244737
seg_62331a,5.449200771108095
seg_d0598e,4.993131330852302
seg_195eda,5.398539658576896
seg_725772,6.65657160506607
seg_6262c4,6.053738275087881
seg_f073e2,5.233095216978019
seg_115617,5.053209937305877
seg_1d980f,5.396774100936317
seg_bd40f2,6.574421331887509
seg_b9619c,6.202847575999164
seg_03d386,4.542374933703334
seg_e0f296,6.595768827146981
seg_b9de03,5.851133641500037
seg_6e572a,4.6298668826449685
seg_31d763,6.0072857731462435
seg_83f476,5.474297715503223
seg_fd6340,6.720147430248044
seg_3c4106,4.901006606221511
seg_037461,5.761574102798416
seg_f96d5a,6.512750496157653
seg_a2fd8b,4.9782707707843805
seg_c472cf,7.128449935579549
seg_687a5c,4.584163828242785
seg_53d818,6.121804932155275
seg_ae9761,8.292134109148975
seg_f734c8,8.050817997108865
seg_288001,6.3759106264894045
seg_a00985,5.18091771628706
seg_26a2a0,3.186486518055992
seg_bf4ec0,6.304860213985341
seg_46012e,7.8082946628875085
seg_6f650f,9.58424299673552
seg_ad3a44,5.292354991089612
seg_28fc32,5.959060212855177
seg_bb6904,4.868440494623667
seg_54490e,6.40422744314515
seg_8d4435,5.775243544837417
seg_d83890,5.573476603075514
seg_8d6578,5.277059382169707
seg_468bc9,9.323585779158599
seg_2a0ace,7.866825221241955
seg_31ddc5,6.936069104872189
seg_f01368,5.583386607338442
seg_75e669,4.58513021995601
seg_7cef95,6.770507437668618
seg_be4612,7.214908829469234
seg_b21273,5.375916600602388
seg_dceeca,5.670292709056876
seg_4c4995,5.66907771693498
seg_fcca66,5.73573660292799
seg_9a81a3,6.136291329660805
seg_185ad6,6.895665773278768
seg_00be11,4.670838268777974
seg_8dd3ba,6.21916590221823
seg_2b372b,5.401016512395811
seg_ffbd6a,4.497869383562511
seg_6d35cd,4.7403179945378335
seg_76b76f,8.948058001098287
seg_30207d,8.369212164470662
seg_a12acb,4.958434378501091
seg_e8b2b3,7.255800492442985
seg_2a0dc0,7.326379384053646
seg_d398df,5.961427993599129
seg_2597af,5.7383624327447675
seg_a96b47,5.747227710729387
seg_5bc0b0,6.713009939897331
seg_23f823,5.504732992593691
seg_a0a423,4.7784271585506435
seg_dcbe02,5.834246599914874
seg_ccdc28,5.476472986722969
seg_3f2086,7.715199942438038
seg_bd5022,4.797214659236383
seg_210388,6.093974379182672
seg_581fac,5.015565676390289
seg_4eb127,5.1050060439613185
seg_8cd159,5.096644940573952
seg_9ab405,4.002930493285547
seg_15bf25,7.214855218508308
seg_06d4a2,5.522171115877876
seg_eb7f91,5.424796327252809
seg_ddc800,7.729975633137373
seg_ea0091,5.568118823307622
seg_ab3f14,6.9122874386878985
seg_660fe1,6.520399373819091
seg_521a88,6.7051446646068165
seg_774ad2,6.415654654113694
seg_5e70a7,6.83707855101304
seg_0d6d68,6.041642154881077
seg_ae3388,6.814118271138418
seg_c7a3bc,4.484880215124279
seg_3b4414,5.623609843219835
seg_43597f,5.528209658412377
seg_a99be9,7.957894112437147
seg_241266,6.137390487966861
seg_5e1bba,5.614829104785248
seg_3128e6,5.187206881575215
seg_20b8d0,5.380134108587847
seg_79c47a,5.225855214443694
seg_d44589,5.686529099889815
seg_f30b2f,6.09036576855396
seg_158764,6.753928825766643
seg_84c7fb,5.1886672062542525
seg_115a92,5.253122155730014
seg_e34052,5.124428820627792
seg_9c8162,6.155150772059345
seg_211486,8.274852442116355
seg_d56ae2,6.783376328299399
seg_e48c23,7.136579938661312
seg_92bd37,6.171346326142802
seg_ff0f1b,5.425239102559334
seg_5f24d3,6.985463270854586
seg_a41c2c,6.056040769546577
seg_82303e,5.298067436663306
seg_f579ba,5.457518265285722
seg_9df32d,5.453915491410452
seg_caa919,6.9352513207077
seg_0d04b9,5.137792992569611
seg_e96140,5.9227954895002375
seg_72859b,5.50327687905826
seg_478327,6.269242852018522
seg_a133bc,6.425238545020438
seg_d0c8e2,4.804134382085801
seg_8472f3,8.235280313846651
seg_077b7e,6.612629374769997
seg_ca44a8,5.821561880657729
seg_2642d0,5.189954379956481
seg_2e917f,5.42222382240957
seg_e41fc9,6.099739934292585
seg_b26368,5.815775490842599
seg_154361,6.992362718350906
seg_fb11ba,6.032506327420544
seg_8826f4,5.6818932686498425
seg_070bb0,4.396725772662001
seg_0dc38f,4.75230354804689
seg_bbf805,5.789030767654251
seg_f6659e,4.8238798692323535
seg_634180,5.663587990385138
seg_ce72e2,6.986925763608611
seg_be811d,6.082356872979751
seg_9d6ff0,5.538660120567444
seg_cdf88e,4.334572907996751
seg_9c2843,5.42204076682032
seg_ee1cfc,6.694608402654213
seg_d24095,6.806932164488188
seg_d9750c,6.3990557674018556
seg_51f6fd,6.927354934906907
seg_1e572b,6.553618273871753
seg_bfe0b6,8.696919113074522
seg_461ab5,5.221938821653461
seg_739856,9.453465777536797
seg_00a37e,5.942781599814805
seg_3af649,6.424653822332759
seg_434c96,4.9715154909651025
seg_447cb3,8.976211887732484
seg_2700bd,5.414341232326235
seg_a6eed3,6.347618173448953
seg_cf9a49,5.769406879477749
seg_c7a579,6.4686207738327655
seg_e5deec,5.5443750066415305
seg_f7290f,5.074697017910361
seg_2ba79a,4.518242441306245
seg_a975df,5.273532989087972
seg_d516e3,6.888789386170689
seg_edecaa,5.826887996576538
seg_419531,8.904165124416858
seg_8324a4,6.158287809160997
seg_31a6cd,5.2646963234431094
seg_4ce234,5.372236326150082
seg_2eddf6,7.326811883267145
seg_5e8ef4,6.18168556756195
seg_b25dde,4.524410839397234
seg_2c6011,5.310871881524729
seg_683ddf,5.653207712909195
seg_5c57a8,4.685028268902112
seg_ef74dc,6.923451044308416
seg_0fd3ff,5.109799103325497
seg_660fef,5.915470769361833
seg_72b68c,8.998953275018508
seg_280e3b,5.183167854748716
seg_944c98,5.090641881249146
seg_41ab7e,6.974283273346978
seg_71b975,5.0317187294764265
seg_257b8a,6.696427993081397
seg_263fb3,4.45598943436725
seg_cd2b53,4.1530371649525115
seg_a8bb2f,5.185970493923492
seg_97a161,6.626713267567276
seg_26049e,6.640449663703013
seg_76f76d,6.849450493494286
seg_2977cd,5.676977157168903
seg_b77bf5,7.9929788310306105
seg_715e2c,6.472941603083321
seg_0cb81b,5.133434383945669
seg_e9272e,5.987572015300878
seg_b0bf65,5.859767432734417
seg_a9089b,4.588967160748268
seg_184222,6.280619931192164
seg_3cbccf,5.861182436009184
seg_dd699c,4.686542157049619
seg_4d0041,7.105782437533754
seg_c87c24,5.374594937563076
seg_d21066,5.119887159410696
seg_76e914,5.9964267393094435
seg_073696,7.725737161128551
seg_fe5945,5.285671045896901
seg_4729a7,5.09309938298529
seg_6b4e04,7.503198827348118
seg_c5256d,6.027767716459468
seg_9bd388,5.38196632716105
seg_3d059a,5.29513743913073
seg_8d3a9d,6.0154428610035655
seg_786ff6,6.289063549141954
seg_a4208a,5.020352720681167
seg_78db0a,7.198124939597
seg_b0d251,7.483450811710808
seg_1c4e72,6.348592711793472
seg_50b048,5.506937994158991
seg_9ad261,5.775875677163529
seg_411225,5.482590347447453
seg_4e2c66,4.408705076269959
seg_c183e4,5.024708272742986
seg_98ebaa,7.5742727177843285
seg_3c64fb,5.786093642068599
seg_aed434,5.664670076390528
seg_cecd29,6.109655213329131
seg_bee792,5.9934585482695
seg_23bdf9,5.594550490966813
seg_5445bc,5.7761646572403755
seg_702e03,5.313847711748121
seg_a7561c,5.1511335444912225
seg_c01a57,4.90909771492917
seg_e217fc,5.787335494364209
seg_0870ab,5.860428823258501
seg_7fd3a3,5.793397154259168
seg_34ef79,5.3929448009185394
seg_58ea74,7.14947466557345
seg_cf0e43,5.761773549411625
seg_8515fd,5.625824935015277
seg_a68ffb,6.8272962313386225
seg_8658b3,7.027254385146924
seg_0aa0fb,6.330340768396599
seg_8f4781,5.55158285410822
seg_ce9f59,4.9701336006110575
seg_ee4ae5,4.697198545372751
seg_e4c15a,5.9807174342222496
seg_3b7724,9.698071332174898
seg_62a403,7.835707441508871
seg_8310ea,7.754717993179513
seg_beda44,6.099816604027235
seg_bf1430,5.683491326527975
seg_8cf573,5.747963553639899
seg_7ebdc3,5.884654933725595
seg_130e17,4.964369938902981
seg_da21ee,7.333571145183934
seg_512b3e,7.19346716056858
seg_121cba,5.14464882545051
seg_be65f2,5.5089986889815545
seg_5abfdd,5.753048543657507
seg_725e84,5.192522161600001
seg_18fb65,5.040801600003296
seg_289d99,4.360319013746319
seg_c146a8,6.339598544094702
seg_8aeb99,7.123420218346149
seg_361f5a,9.348206331491543
seg_e30ef5,5.206909099543814
seg_2ee95c,7.5344835519010855
seg_31631c,6.399047993786109
seg_ba9dbf,4.851097442212027
seg_845a2a,9.275688552245235
seg_180481,5.672031053810514
seg_01c775,7.245684105790779
seg_c627fc,6.358305216253342
seg_1abcaf,5.176130288156125
seg_123dd4,8.428432995756651
seg_a06228,6.287015489566384
seg_4ad5a2,7.195172158616365
seg_d5dbc1,6.136800486805076
seg_afca81,5.13762309135547
seg_514b85,9.644036330766918
seg_d32f71,6.017239657182265
seg_1969c8,7.201156827915777
seg_04ae38,5.670897716875153
seg_e4f403,6.622226320748528
seg_93211c,6.402146328641082
seg_45b051,5.41699794338526
seg_f99b64,5.498717437479282
seg_f0574b,5.600762715368193
seg_0e8b79,9.331513003179147
seg_d1fbb8,7.6198638318153105
seg_b69455,7.440063273465987
seg_73ab4a,5.08195048862643
seg_34abd2,5.1225846598115865
seg_d1b91e,6.322562993804435
seg_395e0e,7.458494107271741
seg_91607c,5.3581104899020096
seg_c41d1d,5.790374102241507
seg_4848e3,5.619426607984566
seg_a5f4dd,5.389731326274099
seg_20d9de,7.8655363306646695
seg_8dfc7e,4.977766322624111
seg_de3237,8.254269384473952
seg_31b808,6.294236048618055
seg_98c0b6,5.889970768249508
seg_72858d,5.860456045961849
seg_89885a,5.590778265043786
seg_952faa,4.966363549970314
seg_74d8cc,6.178636879155555
seg_8f592b,8.531381055723786
seg_e405fe,5.609935210114845
seg_462c1d,5.76802994538025
seg_c70fde,5.88603077354322
seg_ac68bb,4.475566048778695
seg_ea9d37,4.53618744131604
seg_02042f,4.474797439958078
seg_010eab,6.278911606011385
seg_e5c033,6.432964048002578
seg_4b4c91,7.068985843670086
seg_19b08e,5.277985952274172
seg_63c8e4,8.463652998267735
seg_b66b87,4.833513829846062
seg_0b76f5,7.726506051572613
seg_613702,5.423679661774889
seg_21faa9,8.763918834210388
seg_72aba8,5.396620715772335
seg_78852d,5.312633827012648
seg_b0cf32,7.976795218717259
seg_b7b098,5.823056318187346
seg_ebe36c,6.835902985580791
seg_655780,5.874770212313212
seg_91596c,7.808964938562237
seg_71238c,8.973677441159571
seg_bce305,5.5264416030230405
seg_01a8dc,5.036253826175791
seg_35b009,5.48826493367826
seg_9e61da,5.131775496102589
seg_5fe414,4.954646048553076
seg_35b753,5.6794588220253885
seg_fb76ca,5.719167158677193
seg_d36055,7.667970774576826
seg_ecdca4,6.417137433250043
seg_83dc2e,8.03339244264252
seg_29c906,5.913161600488779
seg_c12d7d,8.322767442433586
seg_943de0,7.870363276134086
seg_d6b198,5.57094125835658
seg_b20487,8.80716688785202
seg_59e1db,6.237447160340863
seg_2f60db,6.714263553079321
seg_c0d7da,5.596247155084389
seg_66820a,4.792779847300923
seg_18f633,4.793424938921084
seg_460436,7.732846328840044
seg_efd9ec,7.9131268864410735
seg_c23429,4.76500188278487
seg_04fd93,7.195282296943521
seg_87232d,5.575883558623988
seg_f2f5a3,4.907015146278521
seg_ceb942,4.685202719200285
seg_c0e1b9,5.543120401310037
seg_38001b,4.53058243351073
seg_4dfa03,5.159272163088556
seg_3b95dc,6.116902988325334
seg_0c1d3a,4.912126324847305
seg_97ad82,7.264357439694432
seg_db3a95,5.538578826852205
seg_a50d28,8.046786052454493
seg_f43ab6,4.408714475105972
seg_9fd9b8,5.7545935509774715
seg_0968f1,6.416561051351557
seg_fde767,5.854425220666717
seg_25aa9f,9.720872998290538
seg_e92526,5.382122991700667
seg_5165a4,6.341855216795677
seg_7428e7,6.079241114507142
seg_9ddc99,6.4419566005086715
seg_9a92db,5.797708545228144
seg_e20d76,5.492027435016963
seg_78addc,6.8978627177817495
seg_05a1b0,5.276176878735928
seg_8bf229,5.49538249422949
seg_8c0114,5.170910491185631
seg_6dfab7,4.690401675206772
seg_d0f803,5.273354722880985
seg_1baf33,6.251087431297804
seg_4ba3d1,7.775236330527156
seg_e24496,7.290686048727409
seg_6968c8,5.668384866068681
seg_7f786b,5.23190771298771
seg_fb4c26,5.806648823492674
seg_74ce61,8.369239106547461
seg_56ebc7,4.762054936523332
seg_cedf3e,7.7207688291758165
seg_5e0902,4.918283062824157
seg_85fb0a,4.818301328395847
seg_9d57a1,7.853902157680199
seg_d36737,4.931422436040463
seg_1a8e06,5.011666324881388
seg_136695,7.354987439717486
seg_e5fbc1,4.0359568841843405
seg_91f664,5.167095216105238
seg_0165c6,7.442937577876197
seg_ecf28d,5.716887437118512
seg_6f9a98,6.242779939187806
seg_3706be,6.330093551148997
seg_4d7c56,6.08460951329135
seg_4a9e6b,5.958366885398256
seg_f6a217,4.9640899371248475
seg_d68930,9.427856053425755
seg_77c546,4.975954940517236
seg_7d17eb,7.763187996944524
seg_23fe27,7.031668549452189
seg_25e76d,4.589716609339891
seg_76f1af,4.798341046953483
seg_268625,5.965770487995922
seg_fdff11,4.630893268179429
seg_d693b0,7.722567719395029
seg_e37b8e,5.826326116753969
seg_2018c8,8.218831053903065
seg_9e8323,5.454571324200044
seg_6cfb76,5.949020763078969
seg_34a2b8,5.083631882211694
seg_f86c41,6.011358546529099
seg_ef27c8,4.983175492916363
seg_b5a447,7.234940770505718
seg_3506d6,5.356835212059786
seg_b80b89,5.7904368834445155
seg_c25855,8.103724388391148
seg_b42170,5.316549378043806
seg_136285,6.3628093103729615
seg_be30ce,6.244099935427582
seg_f5a6ab,6.32995188532467
seg_4cb9c6,5.499983268810813
seg_71b4e0,5.047805495947417
seg_8d6a7d,5.147337159704306
seg_91f512,5.539179097607599
seg_c81fec,5.748271602283663
seg_7d718e,8.629433832066375
seg_607559,6.413378551035945
seg_b2b331,5.623478822200429
seg_cd352f,8.116317441071665
seg_832a4d,5.713536111146753
seg_d88da7,6.418673550643385
seg_b568c6,7.1451338270701985
seg_397dc9,6.952218828565723
seg_2e50fb,6.088081878682183
seg_56e6f1,5.8359129893728
seg_f60872,5.919854937936493
seg_fbce13,6.052776458069113
seg_153d6a,9.787643277916997
seg_b32d1d,5.357762576206413
seg_e8d02f,5.5673974353396325
seg_a1d8da,5.933850495327636
seg_8c6d4e,4.812751606750526
seg_137f8a,6.351386885802672
seg_813aab,4.964728344104
seg_2dcd3a,5.40962188242832
seg_6d01a3,7.443172994248711
seg_848695,4.928479656903194
seg_8fb29e,7.24477994257718
seg_73858d,8.67303605555838
seg_e86f77,5.707096321889013
seg_22e509,5.663050491420939
seg_99f677,5.411572530205288
seg_ebec3e,4.3639479970163215
seg_b03de5,7.6058484137814695
seg_2f8f6d,7.33769438652195
seg_670bde,5.5526799318898625
seg_ee8f87,5.561235217358388
seg_5255c0,6.075817998900368
seg_95f45e,6.851601051719785
seg_1afa29,5.240425353193233
seg_25ab3f,5.278547160402047
seg_66e45a,6.425519101112517
seg_80b9b4,7.04875715645419
seg_1e677e,6.5553249314136
seg_0cdcc8,4.98428507484846
seg_f3c578,6.467985764643331
seg_01ecb0,6.376047151720288
seg_979a8f,4.676103080752407
seg_dc23c0,7.343428551464466
seg_d36681,7.702233273647554
seg_4c12b2,5.471064377775828
seg_06893f,4.764572715196263
seg_6b9511,6.514457165781276
seg_c3507f,5.731852995354784
seg_20e9ad,5.7313041030232155
seg_7012af,8.528680776174133
seg_c65135,5.250676877891709
seg_063865,5.970644659387671
seg_aeeb31,4.394164103237916
seg_efb639,5.785224105445786
seg_a49ccc,5.348201604359168
seg_19ec5c,8.597134386839388
seg_dc73b8,5.6842665292756935
seg_420bcc,5.428313548723239
seg_17d1ff,5.611397711558643
seg_8ab3a7,4.810607994675208
seg_3f80ef,5.924883269690968
seg_ae3d92,6.1796768763719445
seg_8e7fca,5.235369664183153
seg_91bf8c,5.739364653169704
seg_7bf143,4.951205215245417
seg_0cf651,4.912408268859881
seg_f931de,5.344177024957527
seg_06bbc5,4.466697162601846
seg_5311d1,5.223530763625946
seg_225320,7.8713499434550975
seg_853302,6.546815496393695
seg_500c80,6.575092990718049
seg_7c2c48,4.896080492868675
seg_fb9491,5.770887440253833
seg_9c3d6a,7.734931609343517
seg_df352f,4.817096604557714
seg_c901c0,5.535815213898939
seg_988e69,4.851022437469139
seg_b2b29d,6.747427161725678
seg_1c849d,5.797156605653948
seg_49322d,6.090367719054495
seg_3d1f2e,5.462499380617418
seg_a2c108,8.81210369115609
seg_f83d28,5.731345907875665
seg_e4f203,5.907988271300278
seg_3b95d2,8.478055221617616
seg_e5b510,5.175051323273584
seg_c5c455,5.322497707469752
seg_bd4d30,5.342647025419784
seg_3d6aac,6.837051884292277
seg_74ffde,5.902902992308867
seg_222c5f,4.844596746591957
seg_6ac67a,5.076823266927435
seg_25b38a,6.343101604767272
seg_c42952,5.972999383051466
seg_e81b50,5.006497159910176
seg_afa4a1,6.2919265136428555
seg_a14212,6.629191043556832
seg_ba83da,5.803900215722027
seg_eb2e11,6.032444659847686
seg_b9d8a0,6.592799051372336
seg_aabc52,7.823363833738879
seg_017314,5.964957436087346
seg_7efdd5,6.340482345689345
seg_ebb79f,6.303550209072681
seg_055127,5.731249660576449
seg_ff4236,5.604849381660952
seg_fc57d4,4.531167993684638
seg_85e9c6,6.774561051816258
seg_dcf242,6.694443824212606
seg_76d16c,5.752352719255031
seg_f6e89f,7.037779943255382
seg_d21eb6,5.858307438622526
seg_7a521c,5.564921878955614
seg_63c983,6.192053265992596
seg_b378bc,4.477582992397278
seg_1e617a,5.795286875300778
seg_6e5a38,5.525503265095438
seg_5d92af,6.2746632747911315
seg_71936f,4.822356098479473
seg_45838b,6.511627572395997
seg_fa796b,5.860476597372222
seg_c11a4f,5.233199518552162
seg_08b136,6.12318410449799
seg_98c44d,5.421870074092843
seg_f7d792,4.470676047213001
seg_5e635a,5.129952713263897
seg_90b174,5.359378473529125
seg_9d1b26,5.330761051357569
seg_17e596,6.590636049969797
seg_e3e762,6.719536051086194
seg_f639cd,9.365675496921853
seg_0b07c7,6.535993267592046
seg_05b66a,8.236377441611456
seg_8bec6f,5.748024660334099
seg_82456a,4.559224104226889
seg_e09301,4.610707297409858
seg_d5b100,6.514332710261947
seg_a56c04,5.072504662283444
seg_ea78c0,5.435814108280038
seg_d9d0e4,5.115681052153676
seg_4adeda,8.163603272473662
seg_902bc1,6.671825634692378
seg_dc188b,5.806306323227897
seg_7fa6ec,3.7018676398866877
seg_075f77,5.125024104870647
seg_b52add,7.839042722454973
seg_acd715,9.831609668022892
seg_d41daa,8.210416326406625
seg_96cd5d,5.339101323895049
seg_193404,8.088306609900986
seg_0e4833,9.861779108496378
seg_c52ae6,4.838342993417915
seg_13468a,5.358981535843
seg_59cd7d,5.212530215582245
seg_6e7f73,7.562417715465377
seg_c5fc87,6.226746597736002
seg_b4c040,5.8142579888441395
seg_a91c03,6.241859383853337
seg_b50239,4.5847191075318
seg_09dd59,6.654117991846459
seg_6a26de,4.946910767401388
seg_45e062,10.33610966938577
seg_075340,5.851212985915456
seg_bdf84b,5.641796048387371
seg_a6e99c,4.477491473810772
seg_4587bb,7.225332435638409
seg_9e8ca4,7.376113550833795
seg_03d680,7.922313553521797
seg_d247da,5.468932373264369
seg_162fc4,6.565934104394076
seg_c588c1,7.724047165532334
seg_d3f6b0,5.122469387152369
seg_72ebda,5.506941887323092
seg_4fce5b,5.413954937419882
seg_ab001b,5.038184105196369
seg_14c435,4.995802433923862
seg_9cb464,5.8988588238396105
seg_563059,7.137159937571356
seg_95644e,5.556326329660454
seg_2642d4,6.363193823092481
seg_90a0be,4.388364380528806
seg_aa508a,4.630267164400942
seg_ddd206,6.178799940585123
seg_913ffc,6.308278825263287
seg_fa488e,4.673194102162689
seg_ba3c47,5.077188828160488
seg_d1045e,8.050950219570161
seg_e80726,5.427921051096679
seg_740837,4.442427442035557
seg_643d1f,5.2180029931420755
seg_61219c,5.806789100990708
seg_ba98dc,5.619188267037048
seg_da8b88,5.275812438348574
seg_ca67ee,6.46589687644973
seg_c6b514,5.089326605777655
seg_92092a,5.039686324614008
seg_f165f6,4.211368829157138
seg_ba941e,6.4937770217513044
seg_9872f9,5.408672642463453
seg_fbf17a,7.878015496122523
seg_f6abc5,7.688648344539633
seg_c6f9c2,4.672641328490352
seg_fa34c7,7.8776599398001235
seg_3f3983,6.047412439102619
seg_c5325c,9.785789946981742
seg_420d4e,6.542288047555374
seg_2005a7,6.166957991356526
seg_7a9228,5.74852900615748
seg_eefd4a,5.167324379894722
seg_a704ee,5.8622610531527135
seg_91cff2,4.646444102411611
seg_266805,5.426688822840214
seg_9d452d,5.219565772832992
seg_5e7abf,6.387533542124222
seg_e8a4f4,5.528772715895915
seg_44d3ca,5.233346049496584
seg_f4d644,5.166892714441683
seg_e05de2,5.0034599353128355
seg_9a1c76,5.588854657344962
seg_c747ad,7.596251049808921
seg_48a80c,5.082892438985889
seg_38ad16,8.715798831293972
seg_585872,7.713260773080871
seg_2b6d52,7.7278310508287795
seg_596ae3,5.895521048678646
seg_610379,6.098583655656
seg_9ad925,6.9918535520213965
seg_7b3017,8.074991143711072
seg_284923,8.890037722739526
seg_3f5be6,5.669206603913655
seg_8dcf3c,7.676799666733767
seg_060ce4,5.318269941310247
seg_d5d3a1,5.6159243822393465
seg_a2d47d,6.892224376282924
seg_92be9f,5.807099380195936
seg_87a616,5.006889660501148
seg_ec4645,5.751597989605925
seg_a47cce,7.722027162200267
seg_3d1cb3,5.697637442917378
seg_d668c0,6.637633274126517
seg_a009e6,6.616477299167863
seg_23323e,4.7640113259083
seg_19e1ff,6.440994174999383
seg_d5df41,6.586155216864825
seg_2b2cb3,6.417152022007484
seg_c714d0,7.935406332382375
seg_762be4,5.105659385992612
seg_8cdf83,5.989531322653017
seg_151368,7.81201271823874
seg_00e5f7,6.088506599279026
seg_2d92f0,7.57853994125082
seg_ef779d,5.596809105484774
seg_545fda,6.636327438296509
seg_60ab20,8.943721053591718
seg_218049,4.979737990944334
seg_274a1a,5.88788326954276
seg_4d5a4a,5.71366409870509
seg_ba4ea3,9.32313966227083
seg_b95010,5.360286326126003
seg_1f1e60,7.902489106127209
seg_be0cdc,4.981190495852667
seg_96642e,5.342888688217859
seg_3fb24b,5.390608826668335
seg_8c6e34,4.846456327373112
seg_b5804a,5.010877153366479
seg_0e1370,4.9711154952510554
seg_91eaeb,6.15784993402137
seg_5f46a5,8.44824846062058
seg_7b0936,7.646061054364176
seg_70fb30,9.372681612641202
seg_970e86,8.274423278023754
seg_8a7201,5.600423825135166
seg_2c3203,5.1485388246336035
seg_ed7dee,5.9092768774773115
seg_342ce6,7.805648830177983
seg_f30f0c,7.295632899398823
seg_ce46ba,4.358963829117334
seg_304df5,6.9244818849457355
seg_496dad,4.634585492271163
seg_bf2d1f,8.022767721473526
seg_c243a6,3.6689788314705174
seg_578e84,8.720511056782344
seg_adf94a,4.4741182687664445
seg_730ebe,6.012009379633136
seg_8e7194,5.328077161663177
seg_0125d9,5.434516327472855
seg_db3446,7.3126649375135075
seg_3aca44,4.832717294680165
seg_ca9e39,5.123494933185105
seg_c22bd4,8.633677995419932
seg_500108,5.709649935145725
seg_3d581c,4.817371885598805
seg_e71dda,6.4585913251550515
seg_d27812,4.90711910425912
seg_826208,5.700831326395224
seg_655ad6,6.550800771739937
seg_75a878,5.395137991742331
seg_00030f,4.801505213317665
seg_e9df42,6.87667188465157
seg_3cba49,5.497269106869
seg_a5271e,5.068664382015972
seg_f71db8,5.760242345395316
seg_2e2372,6.02620160547079
seg_ad949a,5.5695260482239455
seg_1da819,5.316061324469153
seg_60277f,5.27064566022109
seg_4a2525,7.838132161456964
seg_170a0c,7.470720497712474
seg_59818b,6.086409660091052
seg_0d434c,9.315327902589129
seg_17799c,7.243201603311331
seg_de8180,4.675409658299112
seg_016cdb,5.808099101383593
seg_2eccb9,5.027436048804304
seg_c26fb4,5.320885587028775
seg_f6b70c,6.649893825961485
seg_658bf4,4.292652716338361
seg_c24946,5.810771323413458
seg_739679,4.615648897470009
seg_373ba6,5.9650185434216185
seg_272a47,3.6939366050301308
seg_47a48f,8.256223830356303
seg_5a1adb,6.038493547244731
seg_69a53e,6.7154024344078636
seg_8456d3,5.343700218820137
seg_fedbd1,7.512566331366831
seg_eee89d,4.693633830532
seg_fa4df0,5.097496233824714
seg_a45455,5.955843825783992
seg_a173d8,5.515347620015864
seg_4e9646,6.302331327044204
seg_00f3b9,5.829762708264639
seg_09f0ff,5.723537985169404
seg_3bf9ac,4.7428449381801325
seg_5bfbf0,4.961465799277177
seg_6153ca,7.979467718654296
seg_3cfb73,7.416626467715919
seg_3ae4d9,4.939393271613374
seg_c21d60,6.4146496567389395
seg_3a8a76,5.07178632613284
seg_a87e79,4.881621609608022
seg_c9831a,4.169663780553194
seg_fb1f5c,8.07204382952943
seg_4dbbd1,7.870848825941159
seg_9a74d8,6.85311104389844
seg_d42c77,6.136141327735039
seg_c17817,4.59808910322175
seg_407b2b,5.896463268054247
seg_eb7595,5.713562880290994
seg_a31fe3,6.596558275875574
seg_4b0839,4.84096854951393
seg_117278,6.111864378556997
seg_d1abaa,8.475123044691315
seg_2d5544,5.563574100280949
seg_2f5695,5.4869802804662475
seg_cc2c46,5.325785499689037
seg_f2cb5e,5.117807989270694
seg_616c8b,7.936661886277308
seg_1a0eca,5.72643466094085
seg_29d497,5.856163159844195
seg_168d1c,7.208517852503011
seg_0c8502,9.10355160979286
seg_486973,5.680622988083008
seg_fdd50e,5.0698881604182215
seg_fb8af5,4.979451045825749
seg_7c2beb,6.990592162826969
seg_3c8545,5.216135010518733
seg_8b39c4,6.702091883627779
seg_3fc7ca,7.026257161741841
seg_27db4d,6.835809104958134
seg_f2750c,6.272542994285231
seg_7f9b3a,6.796535212427373
seg_8dd2ab,5.037946606287317
seg_709b6a,7.098746330612937
seg_266d4e,5.516526604763157
seg_e64dfa,5.2226590886473225
seg_f5406b,5.598103798683749
seg_42c4c9,6.384537058505703
seg_84a65d,7.888247165383305
seg_ff7478,6.225076605331874
seg_77db7b,7.633880778870745
seg_dd4594,5.433274101715008
seg_6e12ae,5.650866603911411
seg_4d0c45,7.370104517694944
seg_c3f8d7,5.218442575533369
seg_4c65e6,7.418374665166557
seg_759fb1,5.995706322558084
seg_ce5832,5.980594654176417
seg_622e9d,5.253779100937724
seg_f0d278,5.0296993819128035
seg_a86231,5.409389936278007
seg_eea20e,7.491364941786966
seg_8c1760,7.251500773778599
seg_5a67b5,6.883986603097643
seg_de225c,8.705111332410675
seg_86e874,4.238993366900121
seg_e66697,5.894514660492529
seg_08fd5b,5.388312304568944
seg_bc437b,8.3373404956209
seg_1e0523,5.509627992711653
seg_695380,4.865020772033459
seg_7949da,4.9248779888598335
seg_9bee43,6.09350437545435
seg_a84c13,5.16041910867272
seg_e86ed1,8.85393299831282
seg_0fc67a,8.21319216490233
seg_d90c5f,4.815337719352204
seg_151d92,4.9784066072738336
seg_a8e71a,5.334257152712286
seg_f056d8,5.8789841024396
seg_e15cb9,5.442283828559777
seg_2b4959,6.36146271149486
seg_b735a5,6.328484659594429
seg_cd9f9b,6.195355048763275
seg_a5d37f,4.610643897072285
seg_c666dd,5.396878551423445
seg_524b39,5.6920327175112
seg_3b30fd,8.639751327641674
seg_0eb333,5.000892994753695
seg_c9201c,4.825807389849417
seg_4185b3,5.697027435193114
seg_a6bf91,5.88557743884861
seg_23c947,4.147719382958556
seg_a5fbcc,5.570958269141206
seg_755d50,5.3906499328045
seg_30501b,8.776833553167794
seg_746d1d,6.059235765644825
seg_e3cf1a,5.807386327649352
seg_c522f8,6.267451328315098
seg_373a04,5.959100494640721
seg_9ae1a1,9.05025272077643
seg_db606c,5.9745688269499135
seg_dc6e94,6.015916600640945
seg_2883ec,6.935298997061743
seg_d6b386,6.615932442006512
seg_3a80c5,6.168699658620814
seg_92b095,5.4067897264740274
seg_bff392,4.757954939221778
seg_836ef0,4.210577161911408
seg_3bfcf6,5.272925495141899
seg_7d994f,5.009848824004209
seg_0be6ee,4.947182994628818
seg_2f8e19,5.820325219292368
seg_0fca83,5.086390490947393
seg_c07b7c,5.630911607474727
seg_96fa35,5.977135769521601
seg_10a595,5.289130079607722
seg_24c078,7.926435209774521
seg_4ea81c,5.065709843335041
seg_0b4b24,6.150755765261666
seg_4d18f4,5.609003825277833
seg_d27193,4.724174384636774
seg_97e4a9,7.099588273258413
seg_b8bb87,9.92134244689749
seg_8681aa,7.182274936390351
seg_0ebfd9,5.461650215323226
seg_5a947e,6.2036010445998615
seg_c08d36,5.94750521307657
seg_89e207,5.823728271564083
seg_421a96,6.647639796488118
seg_0e1fbe,6.199447154596083
seg_2cadc0,6.59440688134448
seg_2fb672,7.885549382538347
seg_3d6e79,6.071804380402849
seg_f8db0a,5.436236599742917
seg_8a3306,5.650830212695534
seg_6d4109,7.744680216850982
seg_114b79,7.2026482650684285
seg_f52cdc,8.297271885335547
seg_e067ab,6.018096608241874
seg_bc1d67,6.333177717909436
seg_40f810,4.975807715801528
seg_75eb90,6.794029936562647
seg_10f3a6,5.340535767089083
seg_419b2a,8.55693938556773
seg_25cca7,7.6556107717683215
seg_d78093,5.195642434420222
seg_4cb0d7,5.627786726538657
seg_71c9e9,5.123561325720038
seg_e14149,5.688823553396778
seg_f741af,5.647157159636749
seg_f650cc,6.200883332368209
seg_468fdb,5.101021049556035
seg_64daae,4.509068272620737
seg_d2cb02,5.473360958704058
seg_0775a7,5.23050104872414
seg_e481c7,6.304904381538468
seg_004ee5,5.2720629935903345
seg_65b962,5.586219656984929
seg_ab644e,5.918567440296881
seg_217eed,5.081454937347854
seg_36e32d,9.08833410612053
seg_cff594,5.219547435733279
seg_cf3825,5.933528262753453
seg_07fc6d,6.999909103157008
seg_572172,5.905890494686164
seg_d32f8a,5.936778268755457
seg_f43730,7.343687712326196
seg_b52dac,6.100503544866306
seg_1ebe6b,5.293169379389332
seg_593c34,6.041451323746167
seg_52c139,9.010737445192431
seg_9c635d,8.214335218806932
seg_58e9f9,7.659315495234736
seg_6edcb8,6.113896491947027
seg_d7f53a,5.357598271580266
seg_914a62,5.026414936980861
seg_04cceb,6.477216607740005
seg_b89218,9.51791855332526
seg_1c4c5b,5.953811327748806
seg_dd8805,6.632811049470537
seg_76c2fa,5.60198466071048
seg_dd0b11,4.643599110757353
seg_885f53,6.80957410064279
seg_fb9b2e,7.193330218229899
seg_1d044c,5.166807439033425
seg_4a9e8d,6.64861522002754
seg_6ab188,5.66038188212292
seg_591954,8.199845220882354
seg_259d65,5.844427988569508
seg_d59e4e,5.244387162704674
seg_279725,8.917414482506477
seg_dc7e0d,4.720529660733103
seg_311499,4.843311049408126
seg_4b4ffb,6.291112709478141
seg_f003ca,5.69487188200837
seg_c671f7,5.702737993665654
seg_e76e6e,5.238636048378001
seg_bb92b1,5.556669106158927
seg_e00465,7.525489939548322
seg_8353f5,8.131067443008128
seg_eb32bc,4.355386606860723
seg_0b9ad8,7.948596791495451
seg_1cb942,9.57851799904877
seg_0df75c,9.65663550046576
seg_f46cc1,5.055056882901964
seg_d78e7d,4.323710771324472
seg_bcc8f1,5.947859382743941
seg_6167f0,6.4153938244149975
seg_c267a5,5.225582993249093
seg_00c35b,6.699611052675689
seg_850d95,5.2907854935558625
seg_6dac5d,7.972105664615784
seg_586c0f,5.806218376321334
seg_c607eb,4.589485488885999
seg_6f3d90,6.433863266856221
seg_90c258,8.578933001950977
seg_32d747,6.5804021532887464
seg_038879,7.699096510496162
seg_96db5e,5.23476215985935
seg_60dacd,8.483189942614482
seg_a16a1b,5.097933552107596
seg_f0ce4a,6.146009094872362
seg_570d69,9.39738716505486
seg_efc5fb,7.737846886212397
seg_73565e,5.437223269888249
seg_60df2a,5.821239941143812
seg_588f61,4.468703554391888
seg_eb692c,8.906578832047309
seg_41be7d,6.181546328555511
seg_970b35,5.6697883642801115
seg_4f48b4,4.7499035503908615
seg_dcee28,5.133479938684895
seg_2383c2,6.019811600933685
seg_d2a533,6.749974932730223
seg_ed52ac,8.137902581641775
seg_d740b2,7.4738102174789764
seg_65ef95,5.415666882533295
seg_74b3bd,5.7335288272547995
seg_afadfb,6.316523551263135
seg_be19e2,7.194388880521298
seg_04b87a,6.8888393842059275
seg_5cde88,4.5935360505063425
seg_adf986,6.867581042620393
seg_af959f,7.090581327501759
seg_179d90,6.822850217869542
seg_82316b,5.369286047748946
seg_42ff14,6.208373551123787
seg_cc2e9b,6.358039835755069
seg_98be13,6.929020211432903
seg_b80358,7.767020773569458
seg_fbddb9,8.413471887234026
seg_6da1ff,5.650295494072722
seg_004cd2,6.496222435727227
seg_de3d5e,5.58058104587886
seg_42648c,4.77310132593986
seg_ff2f2d,7.012288821763853
seg_b31961,5.677072710921473
seg_4eef28,7.039299850471909
seg_78fc4b,7.233139935695988
seg_f2a20d,5.436153825140981
seg_ff79d9,5.992549097820592
seg_94c48c,7.905517853312871
seg_8344ee,6.193368683949374
seg_4743fa,8.84349633379996
seg_490092,7.475898834080687
seg_8fc754,6.698513550255737
seg_b87cf5,7.768628689017668
seg_f455bc,7.457886331902251
seg_a6959c,7.531751418626287
seg_32f3a9,5.712227991456626
seg_85762d,6.051186606886144
seg_3fdae0,6.139384656421002
seg_dca2c2,9.517045778113314
seg_1db443,6.161561600813545
seg_046c28,4.717230772250333
seg_5597ed,5.796621739082092
seg_814b1f,4.207314660975239
seg_16a270,6.110483829429993
seg_397983,6.056696884964496
seg_9fe8b9,5.7865643828314175
seg_ca407b,6.550387711433419
seg_5ec0e3,7.118132159734703
seg_fcb7d0,8.65840994320599
seg_2d427f,5.0172924355178905
seg_32906d,4.8302154920467855
seg_cfed24,5.772128266216601
seg_597bd6,5.542339104362956
seg_e0ce38,6.895475494768923
seg_d5f344,5.369210769950033
seg_3319b5,6.855034386548104
seg_392019,5.71634299635837
seg_6b9d02,4.952417573733417
seg_29a073,5.681608267078674
seg_49b0cb,9.063893553406764
seg_ada42c,6.5696646522303705
seg_5f352e,4.966629197256666
seg_0bc877,4.81198598782949
seg_c1fe9a,5.231996044953547
seg_6c292b,5.160130772834661
seg_f96d0e,4.935152993329007
seg_739643,6.252976603597365
seg_eccb17,4.798581195364532
seg_68da94,5.109965771491663
seg_d1ca05,8.664979110118008
seg_9f22a0,6.549199553098487
seg_04ee93,6.348386882837018
seg_94a133,5.410624939750484
seg_5559d9,4.751131233818509
seg_30ad2a,4.6161021585817785
seg_6422d1,6.452499661107109
seg_bb180c,5.3528365998497165
seg_eaa0ec,6.088548829405372
seg_70b375,6.08948799703056
seg_abc5fd,6.690444108490151
seg_a9f80e,7.081555772736927
seg_de4e1d,5.935262990680243
seg_27de37,6.621871601530373
seg_4e0c4a,8.432492995680027
seg_440106,7.4089366093769025
seg_cf25d2,5.666969658818875
seg_514543,5.1860041022890275
seg_1a0e94,8.516033829894418
seg_310230,5.3708354957391675
seg_9c090f,5.133372504567778
seg_9c3ef8,6.44515451816497
seg_dbf3f2,5.0312852164739885
seg_cc4950,4.91554317567061
seg_d6b546,6.506179381709967
seg_2396a2,4.549570109071068
seg_455b16,5.5800210476061896
seg_aa98cc,2.9560850041824165
seg_e7d3e7,8.033701603955976
seg_53a5fd,5.8078591013216005
seg_38ee24,6.134874382798783
seg_dcd9df,4.538581609551422
seg_8bc20c,4.698277991522523
seg_6fd5bb,6.7139602176347815
seg_0c12cc,6.705887991799043
seg_aa7a4b,6.320487440097627
seg_14c371,6.607811887673288
seg_41aadc,5.8148652174989435
seg_3d19fc,5.639111878916425
seg_2bf5be,8.350874384565719
seg_19b9dd,6.184726879245639
seg_5887a8,7.905154659959781
seg_7fac26,7.767029661601351
seg_4401d8,6.36994454526919
seg_b7eeb6,5.970023551662425
seg_1a791c,6.738752434149696
seg_5009d9,4.800597624975769
seg_51b68c,8.706667165374073
seg_b1b95e,5.173315776001561
seg_bcfad6,5.227880493831264
seg_2aa101,5.076480220130638
seg_e7d1f8,5.102277805072131
seg_9a43ef,6.727461607284455
seg_6d36a1,8.723658827403304
seg_26cba3,6.588287433874612
seg_82d7b6,5.312606743672813
seg_4db886,7.116104108385143
seg_aba501,5.790517848336335
seg_cbcce9,5.762177714385443
seg_bf58ce,7.115263548652848
seg_74f330,5.196954658492238
seg_dc4698,5.1881743846859365
seg_a39fa8,8.362832164325333
seg_32f6df,5.904154936363196
seg_4ae712,7.553059663398636
seg_9b44d2,9.240128276990223
seg_b47c19,5.494297158825182
seg_59de0b,4.019587437625888
seg_c747b4,5.352059239315332
seg_476700,5.451365213234791
seg_922914,5.615345492499819
seg_e6307f,7.140424663083611
seg_890181,6.39504466035282
seg_1dec9c,9.599638137007963
seg_b9365c,4.886045213603083
seg_7df3dd,5.856396047557633
seg_268956,6.049326598166221
seg_7c6c31,6.987588549545147
seg_72f40a,6.047257721847487
seg_c0260d,6.481442713247748
seg_8c341c,7.156583271864339
seg_af1650,4.962097064463764
seg_9fc7c2,5.5245955561975135
seg_2774c4,9.875771332279207
seg_2e64af,6.201390210627595
seg_b686e5,4.401173734661855
seg_ad3cf0,5.188474658790657
seg_4d2671,6.166332716471746
seg_a6e801,4.669972435378111
seg_570a20,5.429357993825658
seg_6eb146,8.690038553441358
seg_476bdb,4.889734668219891
seg_99ccbd,5.044845558938613
seg_31a51f,4.969127991126709
seg_0d663a,6.929629663163072
seg_71348a,5.186938405721805
seg_0620e6,6.293142437606397
seg_54d0f3,4.664543408805668
seg_f7050a,5.1770280611826225
seg_5759c9,6.466786883096972
seg_bd629b,5.824622712888779
seg_0b9ba3,8.102621604553427
seg_423ebe,6.106163820402279
seg_9626a4,5.0591016048893325
seg_0d0250,4.796340121192125
seg_f2b0c5,4.808729100837827
seg_7c88d1,5.312874380886758
seg_68a484,7.364993830443644
seg_24f338,4.724662156680319
seg_5470ca,5.85501826823975
seg_e27c0a,6.737217987921962
seg_456149,7.981816885760313
seg_071067,4.903209937908688
seg_9c8bc8,5.983784703401073
seg_ef644a,5.45085160657108
seg_bcf2d9,6.380160213498627
seg_9a1a4f,6.544205486580798
seg_929ded,5.454911883794386
seg_cc4199,7.821363274598497
seg_f66db1,6.565168547517837
seg_e50f16,8.8879731380345
seg_e47d2b,5.20193028202475
seg_0e3ed2,5.061366882517815
seg_0d13a7,5.027864936829729
seg_6c909f,5.974593887566972
seg_5975f4,5.044599381070986
seg_90bf60,7.1403224390549775
seg_1f7cf8,4.703175216590456
seg_cf1371,5.517079656820591
seg_f322b1,5.911669938390139
seg_691a72,5.825655216715367
seg_50e270,6.506411055871709
seg_e98217,6.469582615234888
seg_2f9336,5.6129213291039015
seg_920132,7.392416333009505
seg_39a886,6.119132437700198
seg_121446,6.853049387434815
seg_fe73b1,8.374234384344527
seg_d47aba,5.601184654542026
seg_62c582,4.92562091283266
seg_b2e045,5.245042622523554
seg_aa1adf,5.235591052218462
seg_6eedcc,6.513922717292193
seg_679dd2,7.748912156702016
seg_5a0479,5.883050214512958
seg_74537f,6.372114380468094
seg_214492,6.473384514830057
seg_812962,6.929142430772452
seg_eabb2c,7.4869438308853375
seg_530a02,8.643631608662218
seg_bb6fcb,5.339838548844731
seg_864fcf,6.174193541973196
seg_b253ee,5.619971878277924
seg_79dc90,6.03293892084113
seg_b1fea8,5.449067155468038
seg_d07c62,5.359398965214167
seg_afd665,5.663311604480189
seg_e8ad6b,5.7378866001422555
seg_a437cb,5.182496603182999
seg_8a6b0e,4.935583717345569
seg_f9e4f2,8.848634664054792
seg_e9e65b,5.533384941384417
seg_318135,4.661640213769973
seg_9caf50,7.559043554633088
seg_dff078,6.273394657669829
seg_b7da0a,4.610381881890718
seg_661629,5.4038821574181855
seg_b02e31,8.38152966511129
seg_911066,5.903874100456111
seg_11860f,5.911002719489665
seg_e10d3b,7.345592719093272
seg_079e34,5.099918270241499
seg_122ba9,5.5182743792719045
seg_29e799,6.058204242950037
seg_ada81a,7.993695221390488
seg_82ce27,5.1666957730777225
seg_dad4f2,6.079674660565892
seg_3bb90a,6.031271599018476
seg_6b0107,6.32652049718263
seg_12b9ba,6.195029103407053
seg_f21a22,4.777461883939469
seg_ce472b,7.632920494531892
seg_6ed49a,7.333289569079006
seg_e6b236,6.238227994779033
seg_b41d3c,5.527077709601248
seg_9d68cf,5.61009687666753
seg_3878d0,6.3508215282632925
seg_0e3d44,4.923189520786501
seg_3adb1a,5.110387720787194
seg_093a0a,6.576884659426897
seg_b853c1,7.968353827644969
seg_a86a05,6.081419594264337
seg_8db6f0,6.236028271034138
seg_b3883e,7.3581345610921005
seg_29d4c6,8.891461333427323
seg_f59974,7.4587102215378245
seg_a674d2,6.968413271835265
seg_0b48c4,4.973841603386696
seg_49336f,5.5148477102966424
seg_a9a820,5.142144659939096
seg_0e7cc5,5.832874660077027
seg_c3836b,6.37867104200072
seg_4fa87d,6.541239384355586
seg_bbfd4e,9.177172998901613
seg_55a9a4,6.304076881193421
seg_5d94b2,4.9978615120252226
seg_f19f8e,7.7754188291773705
seg_c58ca5,6.377121325853
seg_fb00b3,8.005977997048713
seg_383f2e,6.925287993712731
seg_fea3e2,7.043664664215765
seg_c60f1d,4.8167988248675915
seg_0a45a1,5.680824652736819
seg_a4ad7c,8.360383274761343
seg_d4c763,5.269499105142198
seg_903aba,7.8994835530515
seg_507065,5.129968341108607
seg_4b8044,5.644457714703508
seg_cacd0a,5.864205214189369
seg_0b082e,8.565681606424004
seg_b08e9d,8.310933001226958
seg_e5750a,7.548558831089393
seg_5467c8,6.9611766068187935
seg_2c5e9f,5.411079937828961
seg_dbbb44,5.700151608384318
seg_61f504,5.3133978970020905
seg_5b392b,4.657087161646554
seg_23b123,9.182618830036384
seg_3bd97e,8.455946053086546
seg_abb03a,5.464656158352232
seg_211299,6.323524933661542
seg_c7a401,5.765150488775203
seg_a80123,5.43350021309913
seg_6df48e,7.863356881523511
seg_af703b,9.418591329532434
seg_74235f,5.0784202144879975
seg_63c9a3,5.127553555219301
seg_7e3b3e,5.574909933767527
seg_377134,5.556369101260155
seg_065588,5.36517160288723
seg_fdc1d4,6.111163878473621
seg_117ff4,5.258978824873332
seg_89d8a0,5.218852988759459
seg_89eed6,5.294756598849183
seg_2a0afc,5.622965214448745
seg_758ca4,4.703426326235777
seg_5c1a4d,4.97014605006814
seg_ad591c,6.633429383676251
seg_032822,5.672244101045666
seg_d320f5,4.928671882065417
seg_29acb7,5.944291878940344
seg_d795ab,6.023714659800937
seg_6074f9,5.303383273067556
seg_b80366,6.121473660855275
seg_ba3e74,5.876219098774361
seg_6be48e,5.782711045094814
seg_1f9aed,6.302494933940453
seg_4435bd,5.198652159374888
seg_945bc8,5.784314284057517
seg_9a812d,5.468797434551886
seg_29022f,4.830760771653117
seg_6de4fd,6.919482163259811
seg_9e962b,6.122583827850859
seg_a88097,9.336455497144657
seg_e7ced6,7.340160216307725
seg_58d52d,7.310462441203427
seg_141f34,8.84050050033823
seg_651808,5.063532161086133
seg_e5e238,5.006308891067988
seg_c20a27,5.169814102905982
seg_aee7c0,7.769821650564026
seg_974049,6.0519032662212116
seg_1db8e8,9.119073830356033
seg_6951e0,5.284976045528635
seg_518b1e,4.7490357694896534
seg_fd19b8,7.564605774408552
seg_e86e44,5.32208299226925
seg_f865be,4.888514243717534
seg_45e4ed,5.881974099217813
seg_c565bd,5.7831638213599454
seg_cb806c,5.394432717890656
seg_e72f10,6.949754937614106
seg_158691,5.142284270305755
seg_a1acb2,5.649954824095597
seg_7189ca,6.496797439717235
seg_ed7f69,5.046491055325057
seg_53bdf5,7.1333407725321125
seg_ec73d5,5.536219716904184
seg_461b63,5.928532153421761
seg_529be4,6.865176321309888
seg_89f975,4.85164104751325
seg_16c3a7,5.703811880499169
seg_ef24bd,5.3220146585679835
seg_324537,5.310476881968245
seg_7cb417,4.786697715111891
seg_59058a,4.393896054868906
seg_3bc9ed,6.004324245001203
seg_21eebb,5.404045767908765
seg_fa6383,6.2017188249185535
seg_0f74a3,5.757443270606452
seg_0e9bb3,5.936471881193857
seg_555f63,4.523672996746694
seg_3631ec,5.660903267005849
seg_34a8f7,8.121014940679494
seg_c05a7d,8.239418692581772
seg_170684,7.162176049146514
seg_63c13d,5.848634932526889
seg_4ddddc,6.260454106356657
seg_561cf4,4.748426049244291
seg_0a97c4,6.141285073987138
seg_ea4d3a,6.5266170731014235
seg_3151ff,5.998941604535026
seg_bff05e,7.194854938496925
seg_ed07b0,5.59574611587696
seg_42e7e8,5.9007604876152495
seg_2f9581,5.450832988389181
seg_502fab,8.708709384362127
seg_166f70,10.061873000040556
seg_b6c10d,5.728363601186184
seg_3e55d5,4.9774666012421385
seg_e8ce6a,4.790866605166862
seg_59d484,6.128382711993627
seg_738be6,4.430955216419039
seg_490d6e,5.422767159753384
seg_fad815,5.1953710472830945
seg_ffe7cc,7.669772939003873
seg_a25c46,5.3253238240666505
seg_0ba585,5.761395767879007
seg_b8725b,4.820731878934944
seg_919c5c,5.57326826624029
seg_2be983,8.475251330308662
seg_b54024,5.495730766822543
seg_1eeb8f,5.084997160022917
seg_98a819,5.747503548974939
seg_e2b8b1,7.164454942073864
seg_7848f8,3.540112948787639
seg_fd8add,6.1669818827077165
seg_0dae4b,5.6517863956152885
seg_724df9,3.0425207826395955
seg_511d25,6.418544939325944
seg_59cfdb,8.362930775241068
seg_950048,5.784181884657732
seg_339f80,7.026397714402876
seg_1562cb,9.524030222083987
seg_46a42b,5.313381323324001
seg_7aeca4,6.48961077371298
seg_bfdd14,3.7496385497944025
seg_beb650,7.341572160338972
seg_e266f4,6.62296576832788
seg_932828,7.918976883694668
seg_86cfe9,7.574573549962141
seg_37f3fb,5.7896185437263235
seg_96dab2,7.282361885273507
seg_1fe311,9.595721608107057
seg_4abc29,4.751071325777889
seg_06d7ba,5.027447991716245
seg_57908c,5.419915772375749
seg_fe70c0,6.2568668834188195
seg_2a8351,4.945649380675986
seg_18d307,4.360459386122691
seg_259c63,6.207878653995305
seg_af6204,5.288623550598803
seg_32f72d,5.289488271789987
seg_f5a4ee,9.056656055504238
seg_9802c3,5.409324102402057
seg_7bb771,4.920164385988375
seg_f24292,5.999449656857132
seg_a1a511,5.004540210930751
seg_d63175,7.210659565458057
seg_4db997,5.178764380923656
seg_161f5f,5.20575833214303
seg_4f83a3,7.931645216958336
seg_ba5e7e,6.583494928878389
seg_d37b05,6.267968825099347
seg_5f355e,6.462716049042604
seg_55a0c3,5.13121827091125
seg_226e60,7.787639942660787
seg_ebd77b,9.200239389249116
seg_bc07c8,4.135413966524369
seg_31d7bf,4.904765772003223
seg_7cdfe5,5.314284103094224
seg_2a2f1e,6.470096048112563
seg_35c587,6.873544930770432
seg_f34877,7.250750494226947
seg_c80857,2.7705795873319357
seg_e53a52,6.082926326628935
seg_5f7fd9,6.321508730987296
seg_c11828,4.439340215912166
seg_311b5e,4.741186604037784
seg_9825e0,5.417721606078964
seg_be62ef,6.0208841039902605
seg_0c247b,6.650901738352903
seg_0445d7,5.028841330482725
seg_31064b,5.031355218917273
seg_85e90e,6.89364688471442
seg_986976,5.8681988272381025
seg_0f8961,8.762847162503249
seg_ef47c4,7.538727719219703
seg_bd2b0c,4.911656883043945
seg_2ece02,6.632661877523526
seg_d89369,4.846406794131884
seg_cd43b4,8.292746882504877
seg_f2ae5e,6.362887802678468
seg_854d91,7.1571688299827265
seg_af2472,4.531659660188787
seg_a1b3cc,5.968515488422874
seg_414d0f,5.936977438771832
seg_d39131,7.320999939482868
seg_f6c928,5.969787995324564
seg_8f3247,5.859347163449516
seg_0012b5,5.566438269268676
seg_208ba5,4.988532714534119
seg_484901,5.441642711362683
seg_85c1c0,6.392494099147683
seg_fb74f0,6.5079682718893475
seg_2bcbde,7.705500219488603
seg_27b7c8,6.573176052909617
seg_939f5c,6.814693823457065
seg_961d02,5.287984934953899
seg_8be76c,4.227195771937083
seg_ee4479,5.097649105037722
seg_a05c22,5.126188822208695
seg_15c9f9,5.448537063877829
seg_8d030a,5.66782410284939
seg_e24f69,5.75294465578644
seg_1a671a,5.607671047754944
seg_dcb51d,5.485741324036827
seg_76106f,8.318505217139787
seg_67330f,6.207573269289645
seg_3065ba,7.170794654854739
seg_89b090,4.242104103825417
seg_df45b0,5.812132715997247
seg_6c8a45,5.877109931741978
seg_0df469,6.449249651002925
seg_b197e2,5.143324386077899
seg_eba22d,7.315964103630866
seg_29475f,5.468731047653581
seg_0d540e,4.877050216809008
seg_90ec68,7.463760404454563
seg_b6cb2b,5.391524450905984
seg_ab15ad,7.290995214026982
seg_592807,7.345258547249838
seg_5b8c39,5.541397713456297
seg_9f6315,6.245353682489821
seg_93d864,5.378427991985014
seg_1fa983,5.026920122621101
seg_db694a,5.593703829494999
seg_eca2eb,6.063584657566127
seg_6b2ce0,5.863622716329107
seg_306756,7.5172107707169165
seg_90ef18,9.394267997757417
seg_0e3739,5.351412992146972
seg_57dd68,7.56235660844035
seg_23efb0,5.555594103623069
seg_331f2b,9.103300496799903
seg_d0c280,4.582285123363717
seg_a436bc,6.8269285539681634
seg_e9a09f,5.5651576043338755
seg_36b77f,7.679726607694082
seg_e65e69,5.371812020275907
seg_fe86f5,5.192233270297414
seg_db90c0,5.642856880776836
seg_41f45e,6.50133132597834
seg_aaa2ae,4.838297716879333
seg_e8ac98,4.893064379847864
seg_659ff8,5.366804656502064
seg_51865e,5.31814104715525
seg_482745,5.484557992933876
seg_b4402d,9.25236244476247
seg_c27591,5.061422713258509
seg_c42490,5.1613896604232785
seg_8fd465,6.556762154515517
seg_708349,8.49787605223392
seg_c703be,6.218665215586178
seg_c3f672,6.540742458084527
seg_8e6a3f,7.384079936904353
seg_c47bdc,5.605844942315532
seg_cb0e21,8.426685496169457
seg_66ed4d,5.46010882436693
seg_b0f9cd,6.311001466908244
seg_56e3e7,9.47280550229619
seg_8f3dfe,5.794430493012648
seg_abaad2,7.570349939520755
seg_6ae32d,5.441162711864361
seg_43383f,5.303971050085413
seg_d9b162,6.761375214194896
seg_2d3828,5.474935770593509
seg_16566c,5.600719569985094
seg_f1b916,5.129877924319126
seg_cc667b,5.35164243777925
seg_6a45a0,5.922462435062888
seg_dc1cf0,7.977678274828252
seg_d4dec8,6.079630773370951
seg_8328f5,5.85250437905576
seg_c4af54,6.079557709978092
seg_9a7c46,5.889158454972126
seg_287fef,4.967587993937172
seg_cc7e39,6.151839828763716
seg_37bf85,4.639600775150001
seg_bd00c4,5.328064940608292
seg_280863,5.696317780597023
seg_238242,6.143681050282856
seg_5d333e,7.341326332229948
seg_2dfb91,5.392173823160583
seg_bbbc30,5.215039656933545
seg_2fe382,5.694176879815557
seg_d1a281,5.648522993101886
seg_7c9433,6.3958118781001385
seg_1084af,5.879649656598313
seg_a35c82,6.400666884396269
seg_633651,6.243534382355008
seg_b853f8,6.37280493411407
seg_8509db,5.910951742495199
seg_75e93c,4.954304935324805
seg_d146a6,5.983273541573336
seg_8a41bf,5.290442438810946
seg_ec973c,8.638481607652315
seg_c94941,3.9208292900451474
seg_db6d5f,6.685289656211266
seg_f48363,5.428439101496117
seg_293dc2,5.119006045226
seg_e256bd,4.780044112652356
seg_d91492,5.805376328195274
seg_b13fb9,6.0872966027838125
seg_ce00bb,6.338839931898793
seg_2a6343,6.398868154119901
seg_686edc,6.863090209402675
seg_94aa0a,6.107606601169972
seg_cdadb5,7.382795562434089
seg_3b7175,6.006209655417842
seg_14c8ce,6.301721881476593
seg_8d135f,7.0056335496692235
seg_31c0f4,9.109861889971858
seg_ed3e4c,5.830395215181436
seg_94ecad,8.104262439692334
seg_b3d886,4.957066046344596
seg_49fdf0,7.595806327954659
seg_c23641,4.7685478595992725
seg_ea098b,7.070572162411668
seg_5c0929,5.51048799047596
seg_77fe77,6.191911880793933
seg_47d374,5.356674660615569
seg_e13bd8,5.682544654054251
seg_ecaef0,6.757165213996054
seg_a4e745,6.478645496003894
seg_b58542,5.680540766486573
seg_ae9626,4.864387716667306
seg_f93ce5,6.070356599866808
seg_81a8ea,9.043370958778501
seg_b917b5,5.981692158338214
seg_1c929e,5.359551392714609
seg_2e88dd,5.645898826791188
seg_9e25e9,5.425181048232897
seg_d30a9d,4.78885605040499
seg_4743ab,7.351841326125577
seg_0981f3,5.1631563264814435
seg_df99d4,5.673983604799506
seg_7120ac,5.4355354967965495
seg_83f928,7.89077160786451
seg_77df38,6.79652743807387
seg_4c18e2,4.644412994663729
seg_5ef47e,6.0064835513643065
seg_327ed4,5.312600489114334
seg_27a282,5.754443550485143
seg_7eb108,10.159870777130097
seg_14ad27,5.098046883661778
seg_f3063a,5.448692438003008
seg_67599b,5.700355212117013
seg_be0dfa,6.449552438806872
seg_ac9de5,4.990819721030843
seg_0c4e31,4.779990828792399
seg_91fc29,5.087667345946658
seg_39300d,5.063921602694657
seg_666056,5.408289380624244
seg_7bec10,8.874400497262082
seg_24ba8d,5.537474380827234
seg_c9e533,7.018336606705639
seg_ddddf0,5.815328823575212
seg_b4f7a8,6.142760492751481
seg_0488a1,7.734469799464334
seg_430e66,5.71644994036763
seg_63c518,4.98020855057422
seg_376908,5.273001042097807
seg_abda04,7.403525402019309
seg_e051bc,5.7465152128185
seg_a11dd5,5.101852715863541
seg_3ec967,5.885716875331293
seg_9d7490,6.2434946559363755
seg_335170,5.136119196302654
seg_a7e49b,5.563366881888622
seg_760d70,5.411420769354611
seg_9a8a1f,4.138178552661933
seg_a3ab46,5.343710493871088
seg_112b81,6.0903332697304995
seg_e60719,7.73103743912252
seg_a5934a,8.749381605991081
seg_c0c0ed,6.230878267323455
seg_176542,6.198639384183267
seg_87f6c8,6.195366050180333
seg_2efd5c,6.983490218125563
seg_f8dd7e,5.689137900657666
seg_82c138,5.532215772212162
seg_ff1a62,7.011024385989636
seg_743775,6.607017439428648
seg_8f1127,4.3515777206579305
seg_9f7542,8.475383830094565
seg_dcfb4b,8.607120221013135
seg_46c6d3,8.205077439418915
seg_97d9ed,7.181651534434683
seg_71f571,5.451916325490477
seg_966f3d,4.8277346624531114
seg_05a4ad,5.698732719367538
seg_e59dca,6.781386330755279
seg_2cac57,8.917366606306363
seg_70edf5,6.4573046595549535
seg_f5e682,5.377922986313987
seg_105cd9,5.557982152849611
seg_d9352b,6.996894843946427
seg_1b78af,5.954784933386194
seg_ea9fa4,8.270993275218558
seg_d0f262,6.033231948567059
seg_55b566,4.735875217059294
seg_48b545,6.546978550031714
seg_35a2d7,8.145042168842524
seg_5147e1,5.779083266912777
seg_35dd45,8.115545500035163
seg_0bb5fd,5.093132159137799
seg_8b798b,8.734959943450878
seg_b9ad7f,5.630853272179655
seg_c509ff,5.685354659470095
seg_d1eee8,7.945648552014611
seg_75654d,5.321456879617443
seg_f1a771,5.495347711017001
seg_69a230,6.483705487189223
seg_14d1d3,5.849516600690181
seg_6de935,7.944116886849691
seg_b4cb44,7.390978550005932
seg_ea8270,8.160011328648638
seg_0c74cf,4.607268545555841
seg_10c09d,7.305843550700221
seg_552b8e,8.284435221818264
seg_915b3e,5.916927433250731
seg_59eb97,5.578875586282418
seg_d7ab50,5.0990299374200285
seg_73b0f7,5.830816607530771
seg_05bef4,4.951939940078269
seg_fd374e,7.493350490072688
seg_d062a6,7.955746889316613
seg_2e71dd,4.851157159421473
seg_fde86d,6.3375293817283
seg_1fc7ab,6.498013268372135
seg_3c3ddf,4.741087994619729
seg_b95a77,7.568926332043519
seg_9f12c6,4.93982993914663
seg_ead30e,5.693107715257142
seg_17adc0,5.20452910374866
seg_a39ebc,5.045856049672803
seg_7c10c1,4.861405769909796
seg_533613,7.046812161767662
seg_98f624,7.389435493546121
seg_a18246,7.4684049395427206
seg_b9bdd7,5.312833268021713
seg_68102c,9.565523553136956
seg_5ed47e,8.24047466536012
seg_b782c7,6.608985774425623
seg_0dcc40,6.090666049184567
seg_f97274,4.652218549600092
seg_7b2994,4.866297994423873
seg_4ae37c,6.713071881212945
seg_cc4932,7.432055218308763
seg_590fa5,5.678816328462239
seg_7a09ec,5.773436884446869
seg_3865bc,5.585688823227924
seg_d328bb,4.7015549379426425
seg_26edaa,7.567911053253288
seg_cf74e8,4.9214509574032235
seg_46b84d,6.199535771041777
seg_1f3ede,5.568932152700388
seg_fdba93,5.333614938320852
seg_12ee6e,5.4547277151307485
seg_81c1a6,7.9239760562834425
seg_f69c38,5.047671603725593
seg_2a4551,5.758767716132964
seg_14c89d,5.3873485459797585
seg_7ef97b,5.3064319467705126
seg_946d9a,5.753083544705638
seg_6e1ee7,6.594000103022316
seg_b0a794,4.655127164649755
seg_83cb2c,5.42281410167373
seg_df0df7,7.9293646628430245
seg_d07ce8,8.165903054367826
seg_bcf6af,5.875523970680429
seg_495573,8.204323273608631
seg_9f4fd4,7.539660494272496
seg_816b7a,5.2906310471960545
seg_e30e44,4.7713817451184
seg_3d9aa0,5.2020341079486245
seg_907c52,5.739372712643341
seg_70991d,5.762561880287825
seg_8a8220,5.905412993355518
seg_a55a17,5.551763685018374
seg_75438e,5.63390327240284
seg_1201e8,5.740036879868237
seg_7cbb45,5.461315770630582
seg_5090fa,6.254967993898769
seg_cf5764,6.418576328409309
seg_cbfb19,5.5331682697736815
seg_bb5e15,5.906416505705898
seg_0a0fbb,8.791165775920817
seg_827a21,5.390004653930301
seg_a39f3b,6.067617938914726
seg_330579,5.41025437787789
seg_878d2c,8.076317718907292
seg_830cff,5.437589937071639
seg_ee87e2,5.482809378249092
seg_19515c,6.15079493227903
seg_30b043,5.0793802158212475
seg_8244bf,5.3893132684012865
seg_70be4d,7.9467599439542544
seg_049957,9.238415831499951
seg_523945,4.516176049920654
seg_6fc8b3,6.639796325425355
seg_0d833c,6.180542996689204
seg_741fc1,6.773918277034111
seg_74d58a,8.991191604791009
seg_ade769,6.407140772204553
seg_818382,5.925045493543588
seg_8777bd,8.001947164304632
seg_4a6096,4.891816607002917
seg_29c772,5.893906881955258
seg_aa9b8e,5.907060495542017
seg_47fed6,6.086284659715259
seg_5495ca,5.066897366474957
seg_d9190c,5.611608412889167
seg_a55540,7.2027896668243505
seg_750244,5.577154195480777
seg_c01f63,6.5471374392423884
seg_c7b424,7.929917445456202
seg_e40d64,7.364521325751263
seg_d702b2,6.134912159656403
seg_7e9eb7,8.416322443898435
seg_54af0d,4.969680768301735
seg_30da11,6.589060758901528
seg_b291c0,5.8237404918596605
seg_004314,3.830810214952703
seg_f7de40,8.232399380757506
seg_78ded2,4.655855221890773
seg_18f853,5.772693822351541
seg_868c85,6.715992989265008
seg_b8745c,8.256932074597204
seg_718b53,4.94512399226556
seg_20a990,5.5661067882853414
seg_ceab44,6.0726057718766135
seg_6c309f,5.972933046282179
seg_a6c5cc,4.750362994674044
seg_1f3d44,6.848389934871694
seg_a69246,8.396074111165511
seg_f6c0cb,5.085416328093858
seg_428d66,5.354136714266197
seg_b13220,5.100363543633288
seg_66b7c3,6.098809384208773
seg_1b1ad8,5.510033616994788
seg_7f3ab0,7.159266044629915
seg_64bcb9,8.227393550144065
seg_ee2781,6.968904663511973
seg_9d2528,5.837336601273459
seg_a1edc1,5.490678359889989
seg_92a5f1,6.1214207693889175
seg_55d50b,4.729203828270527
seg_457234,7.402208832349972
seg_92310f,5.938872436388528
seg_750e7e,7.495898272666384
seg_284223,5.942519661518117
seg_d9a2bb,5.340446323835263
seg_ca8389,5.395824101813306
seg_a2e2c8,4.9636268864888855
seg_d86eb6,5.539531046258902
seg_61b50d,5.633596879243111
seg_447972,5.012471188486287
seg_5e020f,5.499547992065191
seg_5bd9ae,4.916604662279479
seg_580b65,6.488935771641325
seg_509d55,6.494994932076889
seg_496d07,5.0271571648810225
seg_6f2222,5.358671601315828
seg_39ad50,3.8299171586002507
seg_5c9077,6.407251327510693
seg_74fcfc,7.821593829794234
seg_f6d51b,4.228201328297303
seg_f6e1ca,5.610092434039307
seg_c5064e,7.636384942242092
seg_7a5243,5.431332162440006
seg_b6bdaa,6.673515771814569
seg_a80f6f,7.188302337920842
seg_a489e1,5.812409941491399
seg_1e61d6,4.981904381007501
seg_f0cedb,7.23084077351888
seg_53fa13,5.822150534345334
seg_35ba8f,7.053580218586569
seg_5f0a92,5.150802435618806
seg_dc5e63,4.833254666546768
seg_7fd6b7,8.96487355112858
seg_4d53c2,8.38296883166864
seg_c21723,5.953152709174501
seg_31d810,5.789048273845355
seg_6a4ad1,7.749973550686952
seg_9b7f93,5.565032715115858
seg_620ee4,5.697069006930637
seg_bf4bf2,4.497127785739411
seg_f95fd3,6.446472719649117
seg_8200d2,5.882738911978141
seg_0c89ce,6.556917157881057
seg_50a667,5.815904101478897
seg_64dcf0,6.013567160732596
seg_7d2535,5.052875495850497
seg_de9e32,8.187014386218271
seg_836aac,5.225173270353956
seg_86892f,4.864143273620541
seg_5a242e,6.030257718397543
seg_6c34c2,4.875752714583892
seg_b86ce1,5.602848826358581
seg_06b8c9,6.042726229218883
seg_643f86,8.111639109362693
seg_a61e1c,5.8715385457136104
seg_11647f,5.987542435013278
seg_b36c8a,4.972336649458626
seg_6d4fa6,5.313013548403105
seg_934087,6.664269653114584
seg_d7967e,8.413744660403571
seg_c90be5,8.027300773204708
seg_0536c9,5.460725769498334
seg_3788c5,7.328581885839043
seg_8773cf,4.990975494126892
seg_715ff6,7.091208274310669
seg_0cca14,5.352834102421759
seg_6681ee,4.793698829930542
seg_3edf51,5.723713264963259
seg_ef9105,8.556545220068722
seg_8c1cca,5.8225163238268065
seg_9a6025,6.025068550947266
seg_feb312,5.993899660180212
seg_a99799,4.651963272498945
seg_1ef708,5.110409661466599
seg_1b2298,6.918192994514318
seg_3452b2,5.428247987574737
seg_aa0180,5.416714381198748
seg_86d847,8.122789109351416
seg_d9ce67,4.66755243807064
seg_32e763,5.357986878309167
seg_baa745,5.7105249396486295
seg_1a8f2c,8.101493548626747
seg_7c0376,4.257554105528348
seg_aa78e0,6.035810214492274
seg_e8bcde,4.804542163479766
seg_c6f533,5.39613243416839
seg_94d573,6.896681048346534
seg_304581,6.271103729276971
seg_cec2f2,5.855990217835503
seg_9f57c4,6.4867696597099815
seg_4c3a2b,7.450102440564316
seg_df8e0a,6.504117993324647
seg_3f99c8,4.482405773733719
seg_eb0b19,8.795242440810323
seg_8ebdea,8.52833271815932
seg_80622d,6.661053825181259
seg_3a1600,6.071146043207707
seg_9c00d7,8.667330218653511
seg_f61b0e,6.602997991958279
seg_b6254c,5.360402991873752
seg_9b7ef8,9.99290133199431
seg_a68007,4.911768268389765
seg_65fbac,6.719030773104235
seg_7d65c7,8.051883550155639
seg_614b50,4.576624940889436
seg_586726,4.423143830440875
seg_13e25f,5.955034103665902
seg_69787a,5.966127434781209
seg_eb1d6e,4.796878273719772
seg_33c30d,5.038026048066833
seg_e3b1f1,5.993190772871741
seg_293dbf,5.210591601888487
seg_324447,6.200017528658346
seg_4e627b,5.3857143798738045
seg_061a33,6.17016132612588
seg_ad759c,5.0413921564969835
seg_161aeb,6.176378274350325
seg_43c6f4,6.828383063342214
seg_b947ae,5.611962437646694
seg_cacd58,5.436528829013305
seg_b63de1,4.82348160138661
seg_9e7dff,4.86137488111144
seg_c81e10,7.488086050280625
seg_20cc25,4.158961397321107
seg_1c401b,6.399387440297256
seg_425462,5.009524934618447
seg_d9dab4,9.281084666263396
seg_337b8c,6.208536602159083
seg_d9bb68,5.761645773737593
seg_6d6fad,5.361111878980722
seg_4ab7bf,8.354273554988078
seg_fcd32e,5.933632160567132
seg_e742dc,7.820703828540009
seg_d661ce,5.777416876949501
seg_4acc4b,5.238800862552168
seg_41a267,9.909238553989038
seg_bce23c,6.126725769151213
seg_b1a35c,7.750937437532759
seg_f57ca1,8.926033833281982
seg_ca88e3,8.073754386916598
seg_75ffc9,5.759570496788523
seg_bbb01e,6.216166888378209
seg_e8a2c4,5.523929450727615
seg_c62a06,5.067404659300814
seg_268249,5.835510492999943
seg_df8385,5.076389659521805
seg_441c6d,7.625476327396216
seg_1c904f,4.82052938357812
seg_8ae847,5.872064102496037
seg_6f60b2,5.129584661011017
seg_05f126,6.855350775122201
seg_a99161,5.289926325748945
seg_c18d5a,5.401945494489589
seg_d31583,8.376779386528455
seg_986b6e,8.349044662752984
seg_d2f588,8.083407165188946
seg_cd0691,4.703362884695764
seg_0e9987,5.941287823776274
seg_a3d4d6,4.7859991070416115
seg_7ed2dd,5.376986047655955
seg_5c530f,5.578166048088112
seg_006e4a,5.162792439413412
seg_a8ddf7,5.922786692973524
seg_229eda,7.120263821005738